Date,MSCI_PX_CE,MSCI_Y_ON_Y_GR_TRAIL_EPS,BEST_PE_RATIO,PX_OPEN,PX_HIGH,PX_LOW,PX_OFFICIAL_CLOSE,LISTED_SH,NUM_TRADES,TOT_SELL_REC,TOT_BUY_REC,TOT_HOLD_REC
,,,,7.0313,7.5938,7.0156,,,,0,1,2
2000-05-02 00:00:00,,,,7.4063,7.4063,7.0938,,,,,,
2000-05-03 00:00:00,,,,7.1875,7.25,7.1094,,,,,,
2000-05-04 00:00:00,,,,7.25,7.4375,7.1094,,,,,,
2000-05-05 00:00:00,,,,7.1563,7.2188,7.0781,,,,,,
2000-05-08 00:00:00,,,,7.2188,7.375,7,,,,,,
2000-05-09 00:00:00,,,,7.1406,7.25,7.0781,,,,,,
2000-05-10 00:00:00,,,,7.2188,7.2656,7.1563,,,,,,
2000-05-11 00:00:00,,,,7.1875,7.3594,7.1563,,,,,,
2000-05-12 00:00:00,,,,7.2344,7.3438,7.1875,,,,,,
2000-05-15 00:00:00,,,,7.2813,7.5313,7.25,,,,,,
2000-05-16 00:00:00,,,,7.3906,7.4844,7.3125,,,,,,
2000-05-17 00:00:00,,,,7.2969,7.3125,7.0938,,,,0,1,2
2000-05-18 00:00:00,,,,7.2344,7.3281,7.1719,,,,,,
2000-05-19 00:00:00,,,,7.25,7.2969,7.1563,,,,,,
2000-05-22 00:00:00,,,,7.2344,7.2344,7.125,,,,,,
2000-05-23 00:00:00,,,,7.2031,7.3906,7.1875,,,,,,
2000-05-24 00:00:00,,,,7.4063,7.625,7.3906,,,,,,
2000-05-25 00:00:00,,,,7.4844,7.5469,7.1875,,,,,,
2000-05-26 00:00:00,,,,7.25,7.4063,7.1563,,,,,,
2000-05-30 00:00:00,,,,7.1875,7.2344,7.0938,,,,,,
2000-05-31 00:00:00,,,,7.2656,7.375,7.1563,,,,,,
2000-06-01 00:00:00,,,,7.1563,7.5,7.1094,,,,0,1,2
2000-06-02 00:00:00,,,,7.5938,7.8125,7.4844,,,,,,
2000-06-05 00:00:00,,,,7.5313,7.5313,7.1406,,,,,,
2000-06-06 00:00:00,,,,7.1563,7.1563,6.9531,,,,,,
2000-06-07 00:00:00,,,,6.9688,7.2344,6.9375,,,,,,
2000-06-08 00:00:00,,,,7.2188,7.25,6.6875,,,,,,
2000-06-09 00:00:00,,,,6.9063,7,6.75,,,,,,
2000-06-12 00:00:00,,,,6.6875,6.7813,6.6406,,,,,,
2000-06-13 00:00:00,,,,6.6719,6.6719,6.4844,,,,0,1,2
2000-06-14 00:00:00,,,,6.5469,6.625,6.5,,,,,,
2000-06-15 00:00:00,,,,6.5938,6.625,6.2656,,,,,,
2000-06-16 00:00:00,,,,6.2031,6.5313,6.2031,,,,,,
2000-06-19 00:00:00,,,,6.5156,6.5313,6.0156,,,,,,
2000-06-20 00:00:00,,,,6.1406,6.2344,6.0156,,,,,,
2000-06-21 00:00:00,,,,6.125,6.1406,5.8125,,,,,,
2000-06-22 00:00:00,,,,5.7969,5.9844,5.7813,,,,,,
2000-06-23 00:00:00,,,,5.9531,5.9688,5.7188,,,,,,
2000-06-26 00:00:00,,,,5.9063,6.125,5.9063,,,,,,
2000-06-27 00:00:00,,,,6.0156,6.25,5.9063,,,,,,
2000-06-28 00:00:00,,,,6.0156,6.0625,5.8594,,,,,,
2000-06-29 00:00:00,,,,5.875,6.3125,5.8125,,,,,,
2000-06-30 00:00:00,,,,6.1875,6.2031,5.8906,,,,,,
2000-07-03 00:00:00,,,,5.9375,6,5.8906,,,,,,
2000-07-05 00:00:00,,,,6.0156,6.1875,5.9375,,,,,,
2000-07-06 00:00:00,,,,6.2031,6.3125,6.1094,,,,,,
2000-07-07 00:00:00,,,,6.1563,6.6406,6.0938,,,,,,
2000-07-10 00:00:00,,,,6.7344,6.9531,6.3438,,,,,,
2000-07-11 00:00:00,,,,6.2813,6.7031,6.2188,,,,,,
2000-07-12 00:00:00,,,,6.6406,6.7188,6.3281,,,,,,
2000-07-13 00:00:00,,,,6.2813,6.3281,6.1719,,,,,,
2000-07-14 00:00:00,,,,6.1875,6.2656,6.0469,,,,,,
2000-07-17 00:00:00,,,,6.0938,6.4219,6.0938,,,,,,
2000-07-18 00:00:00,,,,6.5,6.5625,6.4219,,,,,,
2000-07-19 00:00:00,,,,6.5469,6.6094,6.3281,,,,,,
2000-07-20 00:00:00,,,,6.3281,6.4375,6.2188,,,,0,1,2
2000-07-21 00:00:00,,,,6.3594,6.375,6.1094,,,,,,
2000-07-24 00:00:00,,,,6.0469,6.0469,5.8594,,,,,,
2000-07-25 00:00:00,,,,5.9844,6.1406,5.7656,,,,,,
2000-07-26 00:00:00,,,,5.75,5.8594,5.5156,,,,,,
2000-07-27 00:00:00,,,,5.6094,5.6719,5.5469,,,,,,
2000-07-28 00:00:00,,,,5.6563,5.6563,5.5,,,,,,
2000-07-31 00:00:00,,,,5.5156,5.5938,5.4531,,,,,,
2000-08-01 00:00:00,,,,5.5625,5.6094,5.5,,,,,,
2000-08-02 00:00:00,,,,5.5938,5.8438,5.5781,,,,,,
2000-08-03 00:00:00,,,,5.6563,5.8125,5.5156,,,,,,
2000-08-04 00:00:00,,,,5.5,5.7813,5.4844,,,,,,
2000-08-07 00:00:00,,,,5.6563,6.0313,5.625,,,,,,
2000-08-08 00:00:00,,,,5.9063,6.0313,5.8438,,,,,,
2000-08-09 00:00:00,,,,5.875,5.9844,5.7031,,,,,,
2000-08-10 00:00:00,,,,5.9375,5.9844,5.6875,,,,,,
2000-08-11 00:00:00,,,,5.75,5.875,5.7031,,,,,,
2000-08-14 00:00:00,,,,5.8281,5.9688,5.7813,,,,,,
2000-08-15 00:00:00,,,,5.8125,5.8438,5.75,,,,,,
2000-08-16 00:00:00,,,,5.75,5.8438,5.625,,,,,,
2000-08-17 00:00:00,,,,5.75,6.0313,5.7344,,,,,,
2000-08-18 00:00:00,,,,5.8281,5.9063,5.6719,,,,,,
2000-08-21 00:00:00,,,,5.6563,5.7344,5.5156,,,,,,
2000-08-22 00:00:00,,,,5.7813,5.8281,5.7188,,,,,,
2000-08-23 00:00:00,,,,5.8281,5.9688,5.8125,,,,,,
2000-08-24 00:00:00,,,,5.7656,5.9844,5.7656,,,,,,
2000-08-25 00:00:00,,,,5.875,5.9531,5.75,,,,,,
2000-08-28 00:00:00,,,,5.8906,5.9219,5.75,,,,,,
2000-08-29 00:00:00,,,,5.7813,5.8281,5.6406,,,,,,
2000-08-30 00:00:00,,,,5.6094,5.7969,5.5781,,,,,,
2000-08-31 00:00:00,,,,5.7344,5.8125,5.7031,,,,,,
2000-09-01 00:00:00,,,,5.7344,5.9531,5.7344,,,,,,
2000-09-05 00:00:00,,,,5.8906,6.0781,5.8906,,,,,,
2000-09-06 00:00:00,,,,5.9219,6,5.875,,,,,,
2000-09-07 00:00:00,,,,5.9688,6.0938,5.9688,,,,,,
2000-09-08 00:00:00,,,,6.0938,6.2344,6.0938,,,,,,
2000-09-11 00:00:00,,,,6.1875,6.2344,6.0781,,,,,,
2000-09-12 00:00:00,,,,6.1563,6.3906,6.1563,,,,,,
2000-09-13 00:00:00,,,,6.2813,6.4375,6.25,,,,,,
2000-09-14 00:00:00,,,,6.375,6.375,6.25,,,,,,
2000-09-15 00:00:00,,,,6.25,6.3125,6.2188,,,,,,
2000-09-18 00:00:00,,,,6.2969,6.2969,6.0313,,,,0,1,2
2000-09-19 00:00:00,,,,6.2031,6.2344,6.0469,,,,,,
2000-09-20 00:00:00,,,,6.0938,6.1094,5.9531,,,,,,
2000-09-21 00:00:00,,,,6.0156,6.4688,6,,,,,,
2000-09-22 00:00:00,,,,6.25,6.3438,6.0156,,,,0,2,2
2000-09-25 00:00:00,,,,6.2656,6.2656,5.9531,,,,,,
2000-09-26 00:00:00,,,,6.0625,6.2344,6.0313,,,,,,
2000-09-27 00:00:00,,,,6.1406,6.3281,6.1406,,,,,,
2000-09-28 00:00:00,,,,6.2656,6.2969,6.1406,,,,,,
2000-09-29 00:00:00,,,,6.1563,6.25,6.1406,,,,,,
2000-10-02 00:00:00,,,,6.125,6.2031,6.1094,,,,,,
2000-10-03 00:00:00,,,,6.1719,6.25,6.1563,,,,,,
2000-10-04 00:00:00,,,,6.2188,6.3125,6.1563,,,,,,
2000-10-05 00:00:00,,,,6.1563,6.5313,6.1406,,,,,,
2000-10-06 00:00:00,,,,6.4844,6.5,6.25,,,,,,
2000-10-09 00:00:00,,,,6.3594,6.4063,6.0781,,,,,,
2000-10-10 00:00:00,,,,6.1406,6.3125,6.1406,,,,,,
2000-10-11 00:00:00,,,,6.1406,6.1563,5.8906,,,,,,
2000-10-12 00:00:00,,,,5.9063,5.9063,5.6719,,,,,,
2000-10-13 00:00:00,,,,5.7188,5.9063,5.6563,,,,,,
2000-10-16 00:00:00,,,,5.7344,5.9531,5.7344,,,,,,
2000-10-17 00:00:00,,,,5.9375,5.9375,5.6563,,,,0,2,2
2000-10-18 00:00:00,,,,5.7656,5.7813,5.625,,,,,,
2000-10-19 00:00:00,,,,5.625,6.4375,5.625,,,,0,2,2
2000-10-20 00:00:00,,,,6.3438,6.3438,6.125,,,,,,
2000-10-23 00:00:00,,,,6.125,6.25,6.0625,,,,,,
2000-10-24 00:00:00,,,,6.125,6.3281,6.0781,,,,,,
2000-10-25 00:00:00,,,,6.3594,6.3594,6.1406,,,,,,
2000-10-26 00:00:00,,,,6.1719,6.3438,6.0781,,,,,,
2000-10-27 00:00:00,,,,6.2031,6.4688,6.1406,,,,,,
2000-10-30 00:00:00,,,,6.4688,6.7969,6.4063,,,,,,
2000-10-31 00:00:00,,,,6.7188,6.8906,6.6563,,,,,,
2000-11-01 00:00:00,,,,6.7656,6.875,6.6719,,,,,,
2000-11-02 00:00:00,,,,6.7344,7.125,6.7188,,,,,,
2000-11-03 00:00:00,,,,7.0625,7.0625,6.875,,,,,,
2000-11-06 00:00:00,,,,7,7.0938,6.9688,,,,,,
2000-11-07 00:00:00,,,,7,7.0469,6.8906,,,,,,
2000-11-08 00:00:00,,,,6.9531,7.2188,6.9375,,,,,,
2000-11-09 00:00:00,,,,7.1875,7.25,6.9531,,,,,,
2000-11-10 00:00:00,,,,7.2188,7.2188,6.6719,,,,,,
2000-11-13 00:00:00,,,,6.8281,7.1406,6.8281,,,,,,
2000-11-14 00:00:00,,,,7.0469,7.1406,6.9063,,,,,,
2000-11-15 00:00:00,,,,7.1094,7.1563,6.9219,,,,,,
2000-11-16 00:00:00,,,,7.0156,7.2188,6.8906,,,,,,
2000-11-17 00:00:00,,,,6.9375,7.1719,6.8594,,,,0,2,2
2000-11-20 00:00:00,,,,7.0938,7.1719,6.9063,,,,0,2,2
2000-11-21 00:00:00,,,,7,7,6.75,,,,0,2,2
2000-11-22 00:00:00,,,,6.7969,6.7969,6.5,,,,,,
2000-11-24 00:00:00,,,,6.6563,6.7813,6.6406,,,,,,
2000-11-27 00:00:00,,,,6.7188,7.0781,6.7188,,,,,,
2000-11-28 00:00:00,,,,6.9375,7.0469,6.8906,,,,,,
2000-11-29 00:00:00,,,,7.0156,7.125,7.0156,,,,,,
2000-11-30 00:00:00,,,,7.0938,7.1406,6.6875,,,,,,
2000-12-01 00:00:00,,,,6.7969,7.4063,6.7969,,,,,,
2000-12-04 00:00:00,,,,7.325,7.59,7.325,,,,,,
2000-12-05 00:00:00,,,,7.4,7.495,7.3675,,,,0,2,2
2000-12-06 00:00:00,,,,7.425,7.6475,7.425,,,,,,
2000-12-07 00:00:00,,,,7.4875,7.55,7.42,,,,,,
2000-12-08 00:00:00,,,,7.45,7.68,7.415,,,,,,
2000-12-11 00:00:00,,,,7.5625,7.6625,7.45,,,,,,
2000-12-12 00:00:00,,,,7.5,7.7125,7.4625,,,,,,
2000-12-13 00:00:00,,,,7.7375,7.7475000000000005,7.6,,,,,,
2000-12-14 00:00:00,,,,7.67,7.97,7.64,,,,,,
2000-12-15 00:00:00,,,,8.125,8.25,8.0925,,,,,,
2000-12-18 00:00:00,,,,8.2625,8.56,8.175,,,,,,
2000-12-19 00:00:00,,,,8.4125,8.725,8.4,,,,,,
2000-12-20 00:00:00,,,,8.6925,8.9125,8.5575,,,,,,
2000-12-21 00:00:00,,,,8.7525,8.8375,8.6625,,,,,,
2000-12-22 00:00:00,,,,8.5625,8.8025,8.5175,,,,,,
2000-12-26 00:00:00,,,,8.75,8.9975,8.75,,,,,,
2000-12-27 00:00:00,,,,8.99,9.1,8.9225,,,,,,
2000-12-28 00:00:00,,,,9.035,9.175,8.925,,,,,,
2000-12-29 00:00:00,,,,9.2025,9.225,9,,,,,,
2001-01-02 00:00:00,,,,8.9975,9.045,8.77,,,,,,
2001-01-03 00:00:00,,,,8.78,8.9875,8.555,,,,,,
2001-01-04 00:00:00,,,,8.9675,9.16,8.8525,,,,,,
2001-01-05 00:00:00,,,,9.185,9.185,8.8875,,,,,,
2001-01-08 00:00:00,,,,8.89,9.2325,8.8525,,,,,,
2001-01-09 00:00:00,,,,9.185,9.185,8.975,,,,,,
2001-01-10 00:00:00,,,,8.9375,8.9575,8.7375,,,,,,
2001-01-11 00:00:00,,,,8.8325,8.8325,8.4875,,,,,,
2001-01-12 00:00:00,,,,8.55,8.76,8.4525,,,,0,2,2
2001-01-16 00:00:00,,,,8.5525,8.97,8.53,,,,,,
2001-01-17 00:00:00,,,,8.94,8.9975,8.85,,,,,,
2001-01-18 00:00:00,,,,8.9075,9.0625,8.895,,,,,,
2001-01-19 00:00:00,,,,8.8775,8.89,8.3075,,,,,,
2001-01-22 00:00:00,,,,8.3775,8.655,8.3,,,,,,
2001-01-23 00:00:00,,,,8.5,8.605,8.44,,,,,,
2001-01-24 00:00:00,,,,8.475,8.5225,8.33,,,,,,
2001-01-25 00:00:00,,,,8.27,8.475,8.1975,,,,,,
2001-01-26 00:00:00,,,,8.3,8.425,8.2875,,,,,,
2001-01-29 00:00:00,,,,8.345,8.6,8.345,,,,,,
2001-01-30 00:00:00,,,,8.5,8.675,8.475,,,,0,2,2
2001-01-31 00:00:00,,,,8.5925,8.86,8.58,,,,,,
2001-02-01 00:00:00,,,,8.765,8.82,8.6925,,,,,,
2001-02-02 00:00:00,,,,8.8,8.875,8.7125,,,,,,
2001-02-05 00:00:00,,,,8.8,8.8225,8.6,,,,,,
2001-02-06 00:00:00,,,,8.7375,8.955,8.73,,,,,,
2001-02-07 00:00:00,,,,8.85,8.9625,8.645,,,,0,3,2
2001-02-08 00:00:00,,,,8.99,8.99,8.6575,,,,0,3,3
2001-02-09 00:00:00,,,,8.7325,8.8,8.595,,,,,,
2001-02-12 00:00:00,,,,8.6625,8.84,8.565,,,,,,
2001-02-13 00:00:00,,,,8.8625,9.06,8.8,,,,,,
2001-02-14 00:00:00,,,,8.975,8.9875,8.895,,,,,,
2001-02-15 00:00:00,,,,8.8875,8.9475,8.86,,,,,,
2001-02-16 00:00:00,,,,8.925,8.975,8.8625,,,,,,
2001-02-20 00:00:00,,,,9.05,9.1625,8.93,,,,,,
2001-02-21 00:00:00,,,,8.94,8.94,8.525,,,,,,
2001-02-22 00:00:00,,,,8.5375,8.79,8.5,,,,,,
2001-02-23 00:00:00,,,,8.75,8.8475,8.6825,,,,,,
2001-02-26 00:00:00,,,,8.7875,9.085,8.73,,,,,,
2001-02-27 00:00:00,,,,8.9525,8.99,8.7025,,,,,,
2001-02-28 00:00:00,,,,8.835,9.03,8.7875,,,,,,
2001-03-01 00:00:00,,,,8.9175,8.9175,8.6325,,,,,,
2001-03-02 00:00:00,,,,8.6775,8.8575,8.585,,,,,,
2001-03-05 00:00:00,,,,8.7925,8.7925,8.5875,,,,,,
2001-03-06 00:00:00,,,,8.725,8.9975,8.7,,,,,,
2001-03-07 00:00:00,,,,8.8575,9.0325,8.825,,,,,,
2001-03-08 00:00:00,,,,9.045,9.125,9,,,,,,
2001-03-09 00:00:00,,,,9.1,9.125,8.925,,,,,,
2001-03-12 00:00:00,,,,9.1325,9.1325,8.9325,,,,,,
2001-03-13 00:00:00,,,,8.94,8.94,8.525,,,,,,
2001-03-14 00:00:00,,,,8.7825,8.9175,8.4425,,,,,,
2001-03-15 00:00:00,,,,8.55,8.825,8.4875,,,,0,3,3
2001-03-16 00:00:00,,,,8.5625,8.79,8.5625,,,,0,3,2
2001-03-19 00:00:00,,,,8.8,8.995,8.75,,,,,,
2001-03-20 00:00:00,,,,8.8625,9.15,8.84,,,,,,
2001-03-21 00:00:00,,,,8.9,8.98,8.815,,,,,,
2001-03-22 00:00:00,,,,8.7175,8.7175,8.4,,,,,,
2001-03-23 00:00:00,,,,8.4125,8.6625,8.3275,,,,,,
2001-03-26 00:00:00,,,,8.66,8.965,8.66,,,,,,
2001-03-27 00:00:00,,,,8.8875,8.925,8.61,,,,,,
2001-03-28 00:00:00,,,,8.8,8.9075,8.625,,,,0,3,3
2001-03-29 00:00:00,,,,8.75,8.9,8.6875,,,,,,
2001-03-30 00:00:00,,,,8.875,8.875,8.6375,,,,,,
2001-04-02 00:00:00,,,,8.7125,8.97,8.69,,,,,,
2001-04-03 00:00:00,,,,8.9825,8.9825,8.5725,,,,,,
2001-04-04 00:00:00,,,,8.5525,8.93,8.5525,,,,,,
2001-04-05 00:00:00,,,,8.825,9.0475,8.825,,,,0,3,3
2001-04-06 00:00:00,,,,9.05,9.2525,8.9375,,,,,,
2001-04-09 00:00:00,,,,9.3525,9.7775,9.3525,,,,,,
2001-04-10 00:00:00,,,,9.875,9.96,9.5,,,,,,
2001-04-11 00:00:00,,,,9.5,9.5,9.2125,,,,,,
2001-04-12 00:00:00,,,,9.3,9.39,9.025,,,,,,
2001-04-16 00:00:00,,,,9.375,9.625,9.28,,,,,,
2001-04-17 00:00:00,,,,9.35,9.6025,9.3375,,,,,,
2001-04-18 00:00:00,,,,9.7,10.1,9.695,,,,,,
2001-04-19 00:00:00,,,,9.915,9.915,9.725,,,,,,
2001-04-20 00:00:00,,,,9.8875,9.9,9.475,,,,,,
2001-04-23 00:00:00,,,,9.6875,9.9,9.65,,,,,,
2001-04-24 00:00:00,,,,9.62,9.7375,9.5,,,,0,3,3
2001-04-25 00:00:00,,,,9.685,9.9,9.525,,,,0,3,3
2001-04-26 00:00:00,,,,9.875,10.025,9.8375,,,,,,
2001-04-27 00:00:00,,,,10.0125,10.2925,10.0125,,,,,,
2001-04-30 00:00:00,,,,10.1075,10.15,9.9,,,,,,
2001-05-01 00:00:00,,,,10.1475,10.2675,10.1,,,,,,
2001-05-02 00:00:00,,,,10.21,10.2825,10.1,,,,,,
2001-05-03 00:00:00,,,,10.16,10.22,10.06,,,,,,
2001-05-04 00:00:00,,,,10.1875,10.4375,10.125,,,,,,
2001-05-07 00:00:00,,,,10.25,10.345,10.2175,,,,,,
2001-05-08 00:00:00,,,,10.225,10.2275,10.035,,,,,,
2001-05-09 00:00:00,,,,10.1,10.1025,9.95,,,,,,
2001-05-10 00:00:00,,,,10.005,10.35,10,,,,,,
2001-05-11 00:00:00,,,,10.245,10.2475,10.0125,,,,,,
2001-05-14 00:00:00,,,,10.175,10.245,10.1125,,,,,,
2001-05-15 00:00:00,,,,10.1375,10.25,10.075,,,,,,
2001-05-16 00:00:00,,,,10,10.3725,10,,,,,,
2001-05-17 00:00:00,,,,10.3675,10.3975,10.15,,,,,,
2001-05-18 00:00:00,,,,10.2375,10.29,10.175,,,,,,
2001-05-21 00:00:00,,,,10.29,10.3375,10.2625,,,,,,
2001-05-22 00:00:00,,,,10.3375,10.5,10.335,,,,,,
2001-05-23 00:00:00,,,,10.4975,10.4975,10.4,,,,,,
2001-05-24 00:00:00,,,,10.4975,10.5,10.35,,,,,,
2001-05-25 00:00:00,,,,10.5,10.5,10.35,,,,,,
2001-05-29 00:00:00,,,,10.475,10.675,10.475,,,,,,
2001-05-30 00:00:00,,,,10.5475,10.5975,10.215,,,,,,
2001-05-31 00:00:00,,,,10.26,10.34,10.2,,,,,,
2001-06-01 00:00:00,,,,10.375,10.4625,10.27,,,,,,
2001-06-04 00:00:00,,,,10.45,10.4625,10.27,,,,0,2,3
2001-06-05 00:00:00,,,,10.37,10.47,10.2475,,,,,,
2001-06-06 00:00:00,,,,10.215,10.25,10.075,,,,,,
2001-06-07 00:00:00,,,,10.1525,10.1875,10,,,,,,
2001-06-08 00:00:00,,,,10.04,10.04,9.75,,,,,,
2001-06-11 00:00:00,,,,9.9875,9.9875,9.5,,,,,,
2001-06-12 00:00:00,,,,9.625,9.625,9.25,,,,,,
2001-06-13 00:00:00,,,,9.3125,9.545,9.25,,,,,,
2001-06-14 00:00:00,,,,9.4675,9.4975,9.1025,,,,,,
2001-06-15 00:00:00,,,,9.2125,9.3125,9.13,,,,,,
2001-06-18 00:00:00,,,,9.325,9.35,9.215,,,,,,
2001-06-19 00:00:00,,,,9.125,9.325,9.125,,,,,,
2001-06-20 00:00:00,,,,9.25,9.345,9.24,,,,,,
2001-06-21 00:00:00,,,,9.275,9.375,9.25,,,,,,
2001-06-22 00:00:00,,,,9.3,9.3,9.075,,,,,,
2001-06-25 00:00:00,,,,9.09,9.375,9,,,,,,
2001-06-26 00:00:00,,,,9,9.065,8.95,,,,,,
2001-06-27 00:00:00,,,,9,9.0425,8.8525,,,,,,
2001-06-28 00:00:00,,,,8.875,9.2,8.8625,,,,,,
2001-06-29 00:00:00,,,,8.975,9.2625,8.925,,,,,,
2001-07-02 00:00:00,,,,9.125,9.2275,9.05,,,,0,2,3
2001-07-03 00:00:00,,,,9.0625,9.095,8.9425,,,,,,
2001-07-05 00:00:00,,,,9.07,9.07,8.8375,,,,,,
2001-07-06 00:00:00,,,,8.9125,8.9125,8.68,,,,,,
2001-07-09 00:00:00,,,,8.725,8.8,8.675,,,,,,
2001-07-10 00:00:00,,,,8.765,8.9475,8.71,,,,,,
2001-07-11 00:00:00,,,,8.8625,9,8.85,,,,,,
2001-07-12 00:00:00,,,,9,9.1775,8.975,,,,,,
2001-07-13 00:00:00,,,,9.0875,9.1875,9.025,,,,,,
2001-07-16 00:00:00,,,,9.1325,9.3525,9.1275,,,,,,
2001-07-17 00:00:00,,,,9.3375,9.3375,9.2375,,,,,,
2001-07-18 00:00:00,,,,9.3625,9.7975,9.35,,,,0,2,3
2001-07-19 00:00:00,,,,9.85,9.9625,9.7825,,,,0,2,3
2001-07-20 00:00:00,,,,9.8175,9.9875,9.76,,,,,,
2001-07-23 00:00:00,,,,9.9825,9.9825,9.775,,,,,,
2001-07-24 00:00:00,,,,9.775,9.8,9.575,,,,,,
2001-07-25 00:00:00,,,,9.55,9.6475,9.425,,,,,,
2001-07-26 00:00:00,,,,9.5825,9.5825,9.3525,,,,,,
2001-07-27 00:00:00,,,,9.4375,9.46,9.1,,,,,,
2001-07-30 00:00:00,,,,9.1525,9.2675,9.075,,,,,,
2001-07-31 00:00:00,,,,9.15,9.285,9.15,,,,,,
2001-08-01 00:00:00,,,,9.1,9.1,8.9325,,,,,,
2001-08-02 00:00:00,,,,9.05,9.25,8.975,,,,,,
2001-08-03 00:00:00,,,,9.225,9.23,9.1225,,,,,,
2001-08-06 00:00:00,,,,9.25,9.25,8.9925,,,,,,
2001-08-07 00:00:00,,,,8.975,9.005,8.775,,,,,,
2001-08-08 00:00:00,,,,8.85,9.05,8.85,,,,,,
2001-08-09 00:00:00,,,,8.8875,9.1,8.8875,,,,0,2,3
2001-08-10 00:00:00,,,,9.025,9.215,8.94,,,,,,
2001-08-13 00:00:00,,,,9.1375,9.215,9.0425,,,,,,
2001-08-14 00:00:00,,,,9.1575,9.275,9.1475,,,,,,
2001-08-15 00:00:00,,,,9.225,9.3375,9.185,,,,,,
2001-08-16 00:00:00,,,,9.325,9.325,9.0425,,,,,,
2001-08-17 00:00:00,,,,9.02,9.045,8.85,,,,0,2,3
2001-08-20 00:00:00,,,,9,9.025,8.8625,,,,,,
2001-08-21 00:00:00,,,,8.9875,9.1025,8.975,,,,,,
2001-08-22 00:00:00,,,,8.8225,8.8225,8.1475,,,,0,2,3
2001-08-23 00:00:00,,,,8.475,8.5375,8.375,,,,,,
2001-08-24 00:00:00,,,,8.475,8.5875,8.4625,,,,,,
2001-08-27 00:00:00,,,,8.525,8.56,8.4875,,,,,,
2001-08-28 00:00:00,,,,8.52,8.5475,8.425,,,,,,
2001-08-29 00:00:00,,,,8.45,8.525,8.44,,,,,,
2001-08-30 00:00:00,,,,8.5025,8.5025,8.4,,,,,,
2001-08-31 00:00:00,,,,8.4225,8.675,8.4,,,,,,
2001-09-04 00:00:00,,,,8.6,8.8375,8.6,,,,,,
2001-09-05 00:00:00,,,,8.51,8.625,8.34,,,,,,
2001-09-06 00:00:00,,,,8.365,8.4,8.1375,,,,,,
2001-09-07 00:00:00,,,,8.125,8.1875,8,,,,,,
2001-09-10 00:00:00,,,,8,8.3,7.975,,,,,,
2001-09-17 00:00:00,,,,7.875,7.9025,7.7025,,,,,,
2001-09-18 00:00:00,,,,7.75,7.875,7.725,,,,,,
2001-09-19 00:00:00,,,,7.75,7.89,7.645,,,,,,
2001-09-20 00:00:00,,,,7.8225,7.825,7.44,,,,,,
2001-09-21 00:00:00,,,,7.3,7.425,7.225,,,,,,
2001-09-24 00:00:00,,,,7.3625,7.9475,7.3625,,,,,,
2001-09-25 00:00:00,,,,7.9275,7.9375,7.54,,,,,,
2001-09-26 00:00:00,,,,7.5625,7.575,7.23,,,,0,2,4
2001-09-27 00:00:00,,,,7.2875,7.2875,7.08,,,,,,
2001-09-28 00:00:00,,,,7.275,7.4625,7.075,,,,,,
2001-10-01 00:00:00,,,,7.3075,7.3725,7.14,,,,,,
2001-10-02 00:00:00,,,,7.15,7.4625,7.0475,,,,,,
2001-10-03 00:00:00,,,,7.0625,7.9875,7.0375,,,,1,2,3
2001-10-04 00:00:00,,,,7.88,8.1,7.8625,,,,1,2,3
2001-10-05 00:00:00,,,,7.9375,7.9375,7.7375,,,,,,
2001-10-08 00:00:00,,,,7.8325,7.8625,7.725,,,,,,
2001-10-09 00:00:00,,,,7.775,7.775,7.6875,,,,,,
2001-10-10 00:00:00,,,,7.735,8.0675,7.6875,,,,,,
2001-10-11 00:00:00,,,,8.075,8.5225,8.075,,,,,,
2001-10-12 00:00:00,,,,8.375,8.375,8.005,,,,,,
2001-10-15 00:00:00,,,,8.2075,8.225,8.0625,,,,,,
2001-10-16 00:00:00,,,,8.125,8.345,8.09,,,,,,
2001-10-17 00:00:00,,,,8.275,8.4825,8.1975,,,,,,
2001-10-18 00:00:00,,,,7.775,8.2875,7.775,,,,1,2,3
2001-10-19 00:00:00,,,,8.165,8.2,8.0425,,,,,,
2001-10-22 00:00:00,,,,8,8.235,7.975,,,,1,2,3
2001-10-23 00:00:00,,,,8.1425,8.5,8.1375,,,,,,
2001-10-24 00:00:00,,,,8.235,8.3,8.0375,,,,,,
2001-10-25 00:00:00,,,,8.0125,8.2025,7.95,,,,,,
2001-10-26 00:00:00,,,,8.3125,8.74,8.25,,,,,,
2001-10-29 00:00:00,,,,8.74,8.74,8.415,,,,,,
2001-10-30 00:00:00,,,,8.425,8.425,8.1025,,,,,,
2001-10-31 00:00:00,,,,8.105,8.3625,8.1025,,,,,,
2001-11-01 00:00:00,,,,8.305,8.3975,8.155,,,,,,
2001-11-02 00:00:00,,,,8.3375,8.7,8.3375,,,,,,
2001-11-05 00:00:00,,,,8.625,8.875,8.625,,,,,,
2001-11-06 00:00:00,,,,8.84,9.1625,8.8075,,,,,,
2001-11-07 00:00:00,,,,9.025,9.275,8.95,,,,,,
2001-11-08 00:00:00,,,,9.2275,9.41,9.2125,,,,,,
2001-11-09 00:00:00,,,,9.2,9.225,9.1125,,,,,,
2001-11-12 00:00:00,,,,9.1275,9.1275,9,,,,,,
2001-11-13 00:00:00,,,,9.1025,9.375,9.1025,,,,,,
2001-11-14 00:00:00,,,,9.4,9.775,9.4,,,,,,
2001-11-15 00:00:00,,,,9.75,9.99,9.6725,,,,1,2,3
2001-11-16 00:00:00,,,,9.7,9.7,9.4725,,,,,,
2001-11-19 00:00:00,,,,9.575,9.93,9.575,,,,,,
2001-11-20 00:00:00,,,,9.83,9.83,9.625,,,,,,
2001-11-21 00:00:00,,,,9.57,9.585,9.41,,,,,,
2001-11-23 00:00:00,,,,9.5375,9.7475,9.525,,,,,,
2001-11-26 00:00:00,,,,9.71,9.7325,9.4425,,,,,,
2001-11-27 00:00:00,,,,9.65,9.65,9.425,,,,,,
2001-11-28 00:00:00,,,,9.475,9.475,9.2475,,,,,,
2001-11-29 00:00:00,,,,9.2475,9.4975,9.1775,,,,,,
2001-11-30 00:00:00,,,,9.4725,9.585,9.455,,,,,,
2001-12-03 00:00:00,,,,9.495,9.505,9.35,,,,,,
2001-12-04 00:00:00,,,,9.3875,9.5,9.3875,,,,,,
2001-12-05 00:00:00,,,,9.5,9.7575,9.5,,,,,,
2001-12-06 00:00:00,,,,9.7125,9.92,9.6625,,,,,,
2001-12-07 00:00:00,,,,9.875,9.875,9.695,,,,,,
2001-12-10 00:00:00,,,,9.65,9.735,9.58,,,,,,
2001-12-11 00:00:00,,,,9.695,9.825,9.67,,,,,,
2001-12-12 00:00:00,,,,9.7175,9.875,9.6875,,,,,,
2001-12-13 00:00:00,,,,9.6825,9.8,9.5475,,,,1,2,4
2001-12-14 00:00:00,,,,9.7125,9.7625,9.4825,,,,,,
2001-12-17 00:00:00,,,,9.545,9.775,9.52,,,,,,
2001-12-18 00:00:00,,,,9.615,9.995,9.615,,,,1,2,4
2001-12-19 00:00:00,,,,9.94,9.995,9.815,,,,,,
2001-12-20 00:00:00,,,,9.87,9.955,9.665,,,,,,
2001-12-21 00:00:00,,,,9.85,9.9875,9.775,,,,,,
2001-12-24 00:00:00,,,,9.91,9.9375,9.78,,,,,,
2001-12-26 00:00:00,,,,9.825,10.25,9.825,,,,,,
2001-12-27 00:00:00,,,,10.1625,10.21,9.83,,,,,,
2001-12-28 00:00:00,,,,9.8625,9.865,9.665,,,,,,
2001-12-31 00:00:00,,,,9.7225,9.9625,9.67,,,,,,
2002-01-02 00:00:00,,,,9.8125,9.875,9.7875,,,,,,
2002-01-03 00:00:00,,,,9.825,10.0625,9.8,,,,,,
2002-01-04 00:00:00,,,,10.0675,10.3,10.0675,,,,,,
2002-01-07 00:00:00,,,,10.2375,10.2525,10.16,,,,1,2,4
2002-01-08 00:00:00,,,,10.09,10.24,10.0875,,,,,,
2002-01-09 00:00:00,,,,10.265,10.295,9.925,,,,,,
2002-01-10 00:00:00,,,,9.96,10.0625,9.925,,,,,,
2002-01-11 00:00:00,,,,10.0275,10.075,9.875,,,,,,
2002-01-14 00:00:00,,,,9.8875,10.125,9.88,,,,,,
2002-01-15 00:00:00,,,,10.0625,10.3325,10.0475,,,,,,
2002-01-16 00:00:00,,,,10.28,10.3225,9.8425,,,,,,
2002-01-17 00:00:00,,,,9.8525,9.8525,9.75,,,,,,
2002-01-18 00:00:00,,,,9.775,9.9625,9.7625,,,,,,
2002-01-22 00:00:00,,,,9.875,10.0375,9.8,,,,,,
2002-01-23 00:00:00,,,,9.9125,10.125,9.9125,,,,,,
2002-01-24 00:00:00,,,,10.075,10.2675,10.075,,,,,,
2002-01-25 00:00:00,,,,10.23,10.32,10.1,,,,,,
2002-01-28 00:00:00,,,,10.11,10.34,10.1,,,,,,
2002-01-29 00:00:00,,,,10.3025,10.32,9.9875,,,,,,
2002-01-30 00:00:00,,,,9.9,10,9.81,,,,,,
2002-01-31 00:00:00,,,,9.95,10.155,9.875,,,,,,
2002-02-01 00:00:00,,,,10.1625,10.175,9.9875,,,,,,
2002-02-04 00:00:00,,,,10.0475,10.18,9.925,,,,,,
2002-02-05 00:00:00,,,,10.0225,10.2025,9.9325,,,,,,
2002-02-06 00:00:00,,,,10.0225,10.1,9.9975,,,,,,
2002-02-07 00:00:00,,,,10.07,10.1575,9.91,,,,,,
2002-02-08 00:00:00,,,,9.9125,9.95,9.83,,,,,,
2002-02-11 00:00:00,,,,9.9,10.295,9.885,,,,,,
2002-02-12 00:00:00,,,,10.2125,10.3,10.075,,,,,,
2002-02-13 00:00:00,,,,9.995,10.28,9.8125,,,,,,
2002-02-14 00:00:00,,,,10.2475,10.44,10.1425,,,,,,
2002-02-15 00:00:00,,,,10.2475,10.3,10.1475,,,,,,
2002-02-19 00:00:00,,,,10.12,10.1225,10,,,,,,
2002-02-20 00:00:00,,,,10.0625,10.15,10.0125,,,,,,
2002-02-21 00:00:00,,,,10.1575,10.2475,10.1175,,,,,,
2002-02-22 00:00:00,,,,10.165,10.375,10.1175,,,,,,
2002-02-25 00:00:00,,,,10.34,10.4625,10.24,,,,,,
2002-02-26 00:00:00,,,,10.3,10.48,10.2275,,,,,,
2002-02-27 00:00:00,,,,10.35,10.55,10.3375,,,,,,
2002-02-28 00:00:00,,,,10.545,10.65,10.475,,,,,,
2002-03-01 00:00:00,,,,10.475,10.6475,10.4625,,,,,,
2002-03-04 00:00:00,,,,10.4825,10.75,10.4825,,,,,,
2002-03-05 00:00:00,,,,10.8,10.895,10.5625,,,,,,
2002-03-06 00:00:00,,,,10.755,11,10.6375,,,,,,
2002-03-07 00:00:00,,,,10.915,10.9225,10.7475,,,,,,
2002-03-08 00:00:00,,,,10.815,10.8925,10.6025,,,,,,
2002-03-11 00:00:00,,,,10.575,10.75,10.47,,,,,,
2002-03-12 00:00:00,,,,10.6075,10.8375,10.5625,,,,,,
2002-03-13 00:00:00,,,,10.75,10.9625,10.75,,,,,,
2002-03-14 00:00:00,,,,10.95,11.0675,10.915,,,,,,
2002-03-15 00:00:00,,,,11.1,11.2075,11.0325,,,,,,
2002-03-18 00:00:00,,,,11.075,11.135,10.8625,,,,,,
2002-03-19 00:00:00,,,,11.0625,11.245,10.9975,,,,,,
2002-03-20 00:00:00,,,,11.085,11.2225,11.085,,,,,,
2002-03-21 00:00:00,,,,11.105,11.1475,10.8225,,,,,,
2002-03-22 00:00:00,,,,10.7975,10.8125,10.67,,,,,,
2002-03-25 00:00:00,,,,10.715,10.8225,10.6725,,,,,,
2002-03-26 00:00:00,,,,10.675,10.93,10.675,,,,,,
2002-03-27 00:00:00,,,,10.8875,11.05,10.7975,,,,,,
2002-03-28 00:00:00,,,,10.9925,11.0325,10.7875,,,,,,
2002-04-01 00:00:00,,,,10.725,10.755,10.5175,,,,,,
2002-04-02 00:00:00,,,,10.67,10.825,10.53,,,,,,
2002-04-03 00:00:00,,,,10.55,10.6675,10.5125,,,,,,
2002-04-04 00:00:00,,,,10.5375,10.6825,10.525,,,,,,
2002-04-05 00:00:00,,,,10.66,10.835,10.6525,,,,,,
2002-04-08 00:00:00,,,,10.76,10.975,10.76,,,,,,
2002-04-09 00:00:00,,,,10.8425,11.1225,10.83,,,,,,
2002-04-10 00:00:00,,,,11.0725,11.125,11.035,,,,,,
2002-04-11 00:00:00,,,,11.1,11.1225,11.0175,,,,,,
2002-04-12 00:00:00,,,,11.0425,11.12,11,,,,,,
2002-04-15 00:00:00,,,,11.045,11.12,10.9425,,,,,,
2002-04-16 00:00:00,,,,10.9475,11.0875,10.925,,,,,,
2002-04-17 00:00:00,,,,11.05,11.0525,10.965,,,,1,2,4
2002-04-18 00:00:00,,,,11.0175,11.0225,10.83,,,,,,
2002-04-19 00:00:00,,,,10.9625,10.9875,10.8725,,,,,,
2002-04-22 00:00:00,,,,11,11.0125,10.85,,,,,,
2002-04-23 00:00:00,,,,10.8375,11.0875,10.795,,,,,,
2002-04-24 00:00:00,,,,10.9125,11.1225,10.8275,,,,1,2,4
2002-04-25 00:00:00,,,,10.77,11.06,10.7625,,,,,,
2002-04-26 00:00:00,,,,11.025,11.1625,10.9775,,,,,,
2002-04-29 00:00:00,,,,10.9375,11.0175,10.8825,,,,,,
2002-04-30 00:00:00,,,,10.9,10.9725,10.8125,,,,1,2,4
2002-05-01 00:00:00,,,,10.9425,11.04,10.93,,,,,,
2002-05-02 00:00:00,,,,11.015,11.335,11.0125,,,,,,
2002-05-03 00:00:00,,,,11.3625,11.4075,11.2375,,,,,,
2002-05-06 00:00:00,,,,11.25,11.265,11.17,,,,,,
2002-05-07 00:00:00,,,,11.175,11.3375,11.125,,,,,,
2002-05-08 00:00:00,,,,11.275,11.41,11.1875,,,,,,
2002-05-09 00:00:00,,,,11.175,11.2725,11.125,,,,,,
2002-05-10 00:00:00,,,,11.1625,11.175,10.9575,,,,,,
2002-05-13 00:00:00,,,,11.0625,11.075,11,,,,,,
2002-05-14 00:00:00,,,,11,11.125,11,,,,,,
2002-05-15 00:00:00,,,,11.0875,11.18,11.06,,,,,,
2002-05-16 00:00:00,,,,11.0875,11.1625,11.0575,,,,,,
2002-05-17 00:00:00,,,,11.0375,11.2425,11.0375,,,,,,
2002-05-20 00:00:00,,,,11.1,11.125,11.0125,,,,,,
2002-05-21 00:00:00,,,,11.1,11.1375,10.9125,,,,,,
2002-05-22 00:00:00,,,,11.0025,11.0375,10.7125,,,,,,
2002-05-23 00:00:00,,,,10.75,10.935,10.725,,,,,,
2002-05-24 00:00:00,,,,10.8175,10.95,10.8,,,,,,
2002-05-28 00:00:00,,,,10.835,10.835,10.6375,,,,,,
2002-05-29 00:00:00,,,,10.65,10.765,10.615,,,,,,
2002-05-30 00:00:00,,,,10.66,10.7325,10.5425,,,,,,
2002-05-31 00:00:00,,,,10.525,10.6875,10.525,,,,,,
2002-06-03 00:00:00,,,,10.6375,10.7175,10.4825,,,,,,
2002-06-04 00:00:00,,,,10.43,10.43,10.17,,,,,,
2002-06-05 00:00:00,,,,10.225,10.5975,10.225,,,,,,
2002-06-06 00:00:00,,,,10.41,10.5475,10.345,,,,,,
2002-06-07 00:00:00,,,,10.3675,10.575,10.36,,,,,,
2002-06-10 00:00:00,,,,10.4875,10.5275,10.44,,,,,,
2002-06-11 00:00:00,,,,10.4625,10.5525,10.28,,,,,,
2002-06-12 00:00:00,,,,10.3125,10.42,10.2425,,,,,,
2002-06-13 00:00:00,,,,10.175,10.24,10.1325,,,,,,
2002-06-14 00:00:00,,,,10.15,10.15,9.9475,,,,,,
2002-06-17 00:00:00,,,,10.0275,10.2325,10.0275,,,,,,
2002-06-18 00:00:00,,,,10.23,10.305,10.1575,,,,,,
2002-06-19 00:00:00,,,,10.255,10.3375,10.025,,,,,,
2002-06-20 00:00:00,,,,10.0375,10.17,9.9875,,,,,,
2002-06-21 00:00:00,,,,9.925,9.985,9.725,,,,,,
2002-06-24 00:00:00,,,,9.7875,9.895,9.65,,,,,,
2002-06-25 00:00:00,,,,9.83,9.915,9.705,,,,,,
2002-06-26 00:00:00,,,,9.725,9.76,9.55,,,,,,
2002-06-27 00:00:00,,,,9.7475,9.83,9.63,,,,,,
2002-06-28 00:00:00,,,,9.755,9.95,9.755,,,,,,
2002-07-01 00:00:00,,,,9.75,9.8125,9.625,,,,,,
2002-07-02 00:00:00,,,,9.64,9.7625,9.575,,,,,,
2002-07-03 00:00:00,,,,9.55,9.6225,9.2225,,,,,,
2002-07-05 00:00:00,,,,9.25,9.545,9.2475,,,,,,
2002-07-08 00:00:00,,,,9.53,9.5625,9.4275,,,,,,
2002-07-09 00:00:00,,,,9.475,9.7775,9.32,,,,,,
2002-07-10 00:00:00,,,,9.4,9.515,9.2775,,,,,,
2002-07-11 00:00:00,,,,9.3125,9.37,9.0575,,,,,,
2002-07-12 00:00:00,,,,9.125,10.02,8.9,,,,,,
2002-07-15 00:00:00,,,,8.8875,8.8875,8.47,,,,,,
2002-07-16 00:00:00,,,,8.88,8.9625,8.5925,,,,,,
2002-07-17 00:00:00,,,,9.425,9.4875,8.7875,,,,0,2,5
2002-07-18 00:00:00,,,,9.175,9.525,9.1,,,,0,3,4
2002-07-19 00:00:00,,,,9.125,9.1375,8.8475,,,,,,
2002-07-22 00:00:00,,,,8.8875,9.035,8.5,,,,,,
2002-07-23 00:00:00,,,,8.675,8.91,8.5775,,,,,,
2002-07-24 00:00:00,,,,8.6425,9.245,8.4875,,,,,,
2002-07-25 00:00:00,,,,9.21,9.36,8.9025,,,,,,
2002-07-26 00:00:00,,,,9.1925,9.3625,9.15,,,,,,
2002-07-29 00:00:00,,,,9.3,9.85,9.3,,,,,,
2002-07-30 00:00:00,,,,9.7425,9.8875,9.5775,,,,,,
2002-07-31 00:00:00,,,,9.8025,9.8025,9.41,,,,,,
2002-08-01 00:00:00,,,,9.6275,9.725,9.3975,,,,,,
2002-08-02 00:00:00,,,,9.6525,9.6675,9.2475,,,,,,
2002-08-05 00:00:00,,,,9.3,9.38,9.12,,,,0,2,5
2002-08-06 00:00:00,,,,9.25,9.63,9.2375,,,,,,
2002-08-07 00:00:00,,,,9.55,9.655,9.4925,,,,,,
2002-08-08 00:00:00,,,,9.6875,9.995,9.6325,,,,,,
2002-08-09 00:00:00,,,,10,10.3525,9.9375,,,,,,
2002-08-12 00:00:00,,,,10.315,10.4975,10.215,,,,0,2,4
2002-08-13 00:00:00,,,,10.3675,10.685,10.305,,,,,,
2002-08-14 00:00:00,,,,10.325,10.625,10.215,,,,,,
2002-08-15 00:00:00,,,,10.6,10.74,10.5375,,,,,,
2002-08-16 00:00:00,,,,10.6875,10.7025,10.4875,,,,,,
2002-08-19 00:00:00,,,,10.56,10.7675,10.515,,,,,,
2002-08-20 00:00:00,,,,10.65,10.7025,10.5525,,,,,,
2002-08-21 00:00:00,,,,10.5875,10.71,10.55,,,,,,
2002-08-22 00:00:00,,,,10.605,10.7425,10.5,,,,,,
2002-08-23 00:00:00,,,,10.4775,10.5725,10.4125,,,,,,
2002-08-26 00:00:00,,,,10.4575,10.5275,10.36,,,,,,
2002-08-27 00:00:00,,,,10.4875,10.495,10.265,,,,,,
2002-08-28 00:00:00,,,,10.29,10.325,10.125,,,,,,
2002-08-29 00:00:00,,,,10.2375,10.25,10.035,,,,,,
2002-08-30 00:00:00,,,,10.155,10.3,10.1125,,,,,,
2002-09-03 00:00:00,,,,10.15,10.15,9.9825,,,,,,
2002-09-04 00:00:00,,,,10.075,10.27,10.05,,,,,,
2002-09-05 00:00:00,,,,10.2375,10.2725,10.085,,,,,,
2002-09-06 00:00:00,,,,10.07,10.16,9.9975,,,,1,2,3
2002-09-09 00:00:00,,,,10.07,10.145,9.9025,,,,,,
2002-09-10 00:00:00,,,,10.11,10.1875,10.0825,,,,,,
2002-09-11 00:00:00,,,,10.0875,10.1375,10.005,,,,,,
2002-09-12 00:00:00,,,,9.9625,9.9875,9.79,,,,,,
2002-09-13 00:00:00,,,,9.86,9.955,9.69,,,,0,2,3
2002-09-16 00:00:00,,,,9.775,9.9225,9.75,,,,,,
2002-09-17 00:00:00,,,,10.0025,10.025,9.825,,,,,,
2002-09-18 00:00:00,,,,9.78,9.84,9.6625,,,,,,
2002-09-19 00:00:00,,,,9.7125,9.775,9.5725,,,,,,
2002-09-20 00:00:00,,,,9.625,9.78,9.615,,,,,,
2002-09-23 00:00:00,,,,9.7775,9.7775,9.3475,,,,,,
2002-09-24 00:00:00,,,,9.33,9.3325,9.1375,,,,,,
2002-09-25 00:00:00,,,,9.2575,9.6275,9.2275,,,,0,2,3
2002-09-26 00:00:00,,,,9.6525,9.745,9.575,,,,,,
2002-09-27 00:00:00,,,,9.6,9.6,9.35,,,,,,
2002-09-30 00:00:00,,,,9.29,9.29,8.8375,,,,,,
2002-10-01 00:00:00,,,,8.995,8.995,8.5575,,,,,,
2002-10-02 00:00:00,,,,8.885,8.9525,8.715,,,,,,
2002-10-03 00:00:00,,,,8.7775,8.7775,8.53,,,,,,
2002-10-04 00:00:00,,,,8.545,8.545,8.1975,,,,,,
2002-10-07 00:00:00,,,,8.15,8.29,7.9925,,,,,,
2002-10-08 00:00:00,,,,7.975,8.45,7.975,,,,,,
2002-10-09 00:00:00,,,,8.25,8.3375,8.055,,,,,,
2002-10-10 00:00:00,,,,8.055,8.5875,7.875,,,,,,
2002-10-11 00:00:00,,,,8.5875,9.0925,8.5875,,,,,,
2002-10-14 00:00:00,,,,8.845,8.925,8.67,,,,,,
2002-10-15 00:00:00,,,,8.7625,9.285,8.7625,,,,,,
2002-10-16 00:00:00,,,,9.1925,9.1925,8.85,,,,,,
2002-10-17 00:00:00,,,,9.1625,9.75,9.1625,,,,,,
2002-10-18 00:00:00,,,,9.675,9.675,9.4375,,,,,,
2002-10-21 00:00:00,,,,9.5,9.7125,9.3175,,,,,,
2002-10-22 00:00:00,,,,9.6275,9.665,9.4775,,,,,,
2002-10-23 00:00:00,,,,9.5625,9.6475,9.35,,,,,,
2002-10-24 00:00:00,,,,9.5275,9.6325,9.425,,,,,,
2002-10-25 00:00:00,,,,9.4525,9.625,9.405,,,,,,
2002-10-28 00:00:00,,,,9.685,9.7475,9.4375,,,,,,
2002-10-29 00:00:00,,,,9.44,9.44,8.6,,,,,,
2002-10-30 00:00:00,,,,9.145,9.145,8.5125,,,,,,
2002-10-31 00:00:00,,,,8.75,9.31,8.675,,,,,,
2002-11-01 00:00:00,,,,9.225,9.4175,9.06,,,,,,
2002-11-04 00:00:00,,,,9.4125,9.445,9.295,,,,,,
2002-11-05 00:00:00,,,,9.2925,9.445,9.2925,,,,,,
2002-11-06 00:00:00,,,,9.345,9.5875,9.25,,,,,,
2002-11-07 00:00:00,,,,9.4475,9.4475,9.25,,,,,,
2002-11-08 00:00:00,,,,9.31,9.465,9.18,,,,,,
2002-11-11 00:00:00,,,,9.1625,9.1975,8.9175,,,,,,
2002-11-12 00:00:00,,,,8.9375,9.2425,8.9175,,,,,,
2002-11-13 00:00:00,,,,9.075,9.3375,8.95,,,,,,
2002-11-14 00:00:00,,,,9.25,9.49,9.2375,,,,,,
2002-11-15 00:00:00,,,,9.4275,9.5625,9.375,,,,,,
2002-11-18 00:00:00,,,,9.5825,9.5825,9.3375,,,,,,
2002-11-19 00:00:00,,,,9.4075,9.4075,9.2525,,,,,,
2002-11-20 00:00:00,,,,9.3125,9.5975,9.2775,,,,,,
2002-11-21 00:00:00,,,,9.63,9.8375,9.575,,,,,,
2002-11-22 00:00:00,,,,9.75,9.7675,9.5625,,,,,,
2002-11-25 00:00:00,,,,9.645,9.7,9.5,,,,,,
2002-11-26 00:00:00,,,,9.645,9.645,9.395,,,,,,
2002-11-27 00:00:00,,,,9.475,9.55,9.355,,,,,,
2002-11-29 00:00:00,,,,9.55,9.55,9.46,,,,,,
2002-12-02 00:00:00,,,,9.4925,9.6575,9.485,,,,,,
2002-12-03 00:00:00,,,,9.585,9.6625,9.4,,,,,,
2002-12-04 00:00:00,,,,9.35,9.545,9.23,,,,,,
2002-12-05 00:00:00,,,,9.4775,9.4775,9.095,,,,,,
2002-12-06 00:00:00,,,,9.1625,9.2875,9.05,,,,,,
2002-12-09 00:00:00,,,,9.1975,9.2,9.0375,,,,,,
2002-12-10 00:00:00,,,,9.0125,9.1,8.9425,,,,,,
2002-12-11 00:00:00,,,,9.055,9.15,8.975,,,,,,
2002-12-12 00:00:00,,,,9.2,9.27,9.1125,,,,,,
2002-12-13 00:00:00,,,,9.225,9.325,9.1,,,,,,
2002-12-16 00:00:00,,,,9.21,9.3875,9.21,,,,,,
2002-12-17 00:00:00,,,,9.3875,9.3875,9.195,,,,,,
2002-12-18 00:00:00,,,,9.225,9.2375,8.9925,,,,,,
2002-12-19 00:00:00,,,,9.1225,9.2725,8.9125,,,,,,
2002-12-20 00:00:00,,,,9.0125,9.3,8.995,,,,,,
2002-12-23 00:00:00,,,,9.19,9.19,8.87,,,,,,
2002-12-24 00:00:00,,,,8.9,8.9025,8.7475,,,,,,
2002-12-26 00:00:00,,,,8.83,9.025,8.83,,,,,,
2002-12-27 00:00:00,,,,8.93,8.945,8.79,,,,,,
2002-12-30 00:00:00,,,,8.755,8.9575,8.7175,,,,,,
2002-12-31 00:00:00,,,,8.8875,9.12,8.8875,,,,,,
2003-01-02 00:00:00,,,,9.0225,9.425,9.0225,,,,,,
2003-01-03 00:00:00,,,,9.3625,9.42,9.235,,,,,,
2003-01-06 00:00:00,,,,9.325,9.475,9.325,,,,,,
2003-01-07 00:00:00,,,,9.33,9.3625,9.08,,,,,,
2003-01-08 00:00:00,,,,9.1475,9.27,9.065,,,,,,
2003-01-09 00:00:00,,,,9.265,9.5,9.2625,,,,,,
2003-01-10 00:00:00,,,,9.325,9.475,9.3125,,,,,,
2003-01-13 00:00:00,,,,9.3925,9.5,9.2775,,,,0,2,3
2003-01-14 00:00:00,,,,9.4,9.475,9.255,,,,,,
2003-01-15 00:00:00,,,,9.28,9.3,9.05,,,,,,
2003-01-16 00:00:00,,,,9.1475,9.3,9.1425,,,,,,
2003-01-17 00:00:00,,,,9.3,9.3025,9.1075,,,,,,
2003-01-21 00:00:00,,,,9.2025,9.215,8.875,,,,,,
2003-01-22 00:00:00,,,,8.9275,9.06,8.925,,,,,,
2003-01-23 00:00:00,,,,8.99,9.1125,8.9825,,,,,,
2003-01-24 00:00:00,,,,9.0925,9.0925,8.8575,,,,,,
2003-01-27 00:00:00,,,,8.87,8.9375,8.7275,,,,,,
2003-01-28 00:00:00,,,,8.73,9.0125,8.73,,,,,,
2003-01-29 00:00:00,,,,8.95,8.97,8.825,,,,,,
2003-01-30 00:00:00,,,,8.865,8.98,8.75,,,,,,
2003-01-31 00:00:00,,,,8.6325,8.8575,8.625,,,,,,
2003-02-03 00:00:00,,,,8.8375,8.9125,8.6425,,,,,,
2003-02-04 00:00:00,,,,8.645,8.645,8.41,,,,,,
2003-02-05 00:00:00,,,,8.6075,8.725,8.5775,,,,,,
2003-02-06 00:00:00,,,,8.675,8.75,8.575,,,,,,
2003-02-07 00:00:00,,,,8.69,8.7,8.4975,,,,,,
2003-02-10 00:00:00,,,,8.5375,8.575,8.4225,,,,,,
2003-02-11 00:00:00,,,,8.475,8.9575,8.45,,,,,,
2003-02-12 00:00:00,,,,8.87,8.9425,8.76,,,,0,2,3
2003-02-13 00:00:00,,,,8.75,8.7725,8.555,,,,,,
2003-02-14 00:00:00,,,,8.6425,8.7425,8.5375,,,,,,
2003-02-18 00:00:00,,,,8.5625,8.6675,8.5625,,,,,,
2003-02-19 00:00:00,,,,8.625,8.67,8.53,,,,,,
2003-02-20 00:00:00,,,,8.54,8.595,8.4925,,,,,,
2003-02-21 00:00:00,,,,8.5425,8.635,8.4575,,,,,,
2003-02-24 00:00:00,,,,8.5725,8.5725,8.285,,,,,,
2003-02-25 00:00:00,,,,8.2875,8.3225,8.155,,,,,,
2003-02-26 00:00:00,,,,8.315,8.315,8.185,,,,,,
2003-02-27 00:00:00,,,,8.25,8.38,8.2125,,,,,,
2003-02-28 00:00:00,,,,8.375,8.5375,8.3475,,,,,,
2003-03-03 00:00:00,,,,8.5,8.5825,8.47,,,,,,
2003-03-04 00:00:00,,,,8.5025,8.525,8.33,,,,,,
2003-03-05 00:00:00,,,,8.315,8.405,8.2725,,,,,,
2003-03-06 00:00:00,,,,8.3375,8.415,8.2175,,,,,,
2003-03-07 00:00:00,,,,8.31,8.63,8.255,,,,,,
2003-03-10 00:00:00,,,,8.54,8.575,8.3575,,,,,,
2003-03-11 00:00:00,,,,8.35,8.56,8.3475,,,,,,
2003-03-12 00:00:00,,,,8.405,8.4075,8.27,,,,,,
2003-03-13 00:00:00,,,,8.3975,8.87,8.3975,,,,,,
2003-03-14 00:00:00,,,,8.865,8.865,8.7325,,,,,,
2003-03-17 00:00:00,,,,8.7575,9.2375,8.6625,,,,,,
2003-03-18 00:00:00,,,,9.23,9.23,8.9675,,,,0,3,3
2003-03-19 00:00:00,,,,9.0425,9.18,9,,,,,,
2003-03-20 00:00:00,,,,9.15,9.2875,9.0125,,,,,,
2003-03-21 00:00:00,,,,9.4225,9.835,9.3875,,,,,,
2003-03-24 00:00:00,,,,9.7425,9.745,9.285,,,,,,
2003-03-25 00:00:00,,,,9.3025,9.4475,9.2825,,,,,,
2003-03-26 00:00:00,,,,9.3125,9.375,9.235,,,,,,
2003-03-27 00:00:00,,,,9.2275,9.3625,9.1475,,,,,,
2003-03-28 00:00:00,,,,9.2675,9.4075,9.1125,,,,,,
2003-03-31 00:00:00,,,,9.3,9.51,9.175,,,,,,
2003-04-01 00:00:00,,,,9.3875,9.3875,9.16,,,,,,
2003-04-02 00:00:00,,,,9.415,9.5625,9.41,,,,,,
2003-04-03 00:00:00,,,,9.55,9.5675,9.3875,,,,,,
2003-04-04 00:00:00,,,,9.5,9.595,9.44,,,,,,
2003-04-07 00:00:00,,,,9.6125,9.725,9.535,,,,,,
2003-04-08 00:00:00,,,,9.5725,9.575,9.38,,,,,,
2003-04-09 00:00:00,,,,9.475,9.5925,9.3075,,,,,,
2003-04-10 00:00:00,,,,9.345,9.5,9.3375,,,,,,
2003-04-11 00:00:00,,,,9.5625,9.6625,9.415,,,,,,
2003-04-14 00:00:00,,,,9.5075,9.735,9.4875,,,,,,
2003-04-15 00:00:00,,,,9.775,9.8925,9.7375,,,,0,3,3
2003-04-16 00:00:00,,,,9.8875,9.9375,9.6575,,,,,,
2003-04-17 00:00:00,,,,9.7225,9.7475,9.6325,,,,,,
2003-04-21 00:00:00,,,,9.73,9.745,9.5825,,,,,,
2003-04-22 00:00:00,,,,9.605,9.995,9.535,,,,,,
2003-04-23 00:00:00,,,,9.9875,9.9875,9.765,,,,0,3,3
2003-04-24 00:00:00,,,,9.8925,9.8925,9.6825,,,,,,
2003-04-25 00:00:00,,,,9.8275,9.8475,9.5625,,,,,,
2003-04-28 00:00:00,,,,9.62,9.855,9.62,,,,0,2,4
2003-04-29 00:00:00,,,,9.7675,10.0425,9.7675,,,,,,
2003-04-30 00:00:00,,,,9.9875,9.9875,9.7725,,,,,,
2003-05-01 00:00:00,,,,9.8075,9.8075,9.565,,,,,,
2003-05-02 00:00:00,,,,9.5875,9.7,9.495,,,,,,
2003-05-05 00:00:00,,,,9.63,9.6375,9.355,,,,,,
2003-05-06 00:00:00,,,,9.375,9.53,9.3625,,,,,,
2003-05-07 00:00:00,,,,9.5125,9.515,9.36,,,,,,
2003-05-08 00:00:00,,,,9.4,9.485,9.3175,,,,,,
2003-05-09 00:00:00,,,,9.4725,9.4725,9.2675,,,,,,
2003-05-12 00:00:00,,,,9.345,9.5625,9.2875,,,,,,
2003-05-13 00:00:00,,,,9.525,9.525,9.295,,,,,,
2003-05-14 00:00:00,,,,9.3625,9.3625,9.0725,,,,,,
2003-05-15 00:00:00,,,,9.125,9.225,9.0575,,,,,,
2003-05-16 00:00:00,,,,9.19,9.275,9.02,,,,,,
2003-05-19 00:00:00,,,,9.2275,9.2275,9.11,,,,,,
2003-05-20 00:00:00,,,,9.1225,9.2475,8.985,,,,,,
2003-05-21 00:00:00,,,,9.075,9.0875,8.975,,,,,,
2003-05-22 00:00:00,,,,9.035,9.175,9.02,,,,,,
2003-05-23 00:00:00,,,,9.13,9.13,9.0025,,,,,,
2003-05-27 00:00:00,,,,9.07,9.3175,9.055,,,,,,
2003-05-28 00:00:00,,,,9.3,9.3225,9.1575,,,,,,
2003-05-29 00:00:00,,,,9.2,9.2225,9.095,,,,,,
2003-05-30 00:00:00,,,,9.2,9.5225,9.165,,,,,,
2003-06-02 00:00:00,,,,9.5275,9.695,9.5275,,,,,,
2003-06-03 00:00:00,,,,9.675,9.675,9.42,,,,,,
2003-06-04 00:00:00,,,,9.5475,9.7025,9.4575,,,,,,
2003-06-05 00:00:00,,,,9.7375,9.8125,9.6875,,,,,,
2003-06-06 00:00:00,,,,9.745,9.775,9.585,,,,,,
2003-06-09 00:00:00,,,,9.655,9.655,9.4275,,,,,,
2003-06-10 00:00:00,,,,9.5575,9.595,9.4875,,,,,,
2003-06-11 00:00:00,,,,9.61,9.7125,9.5025,,,,,,
2003-06-12 00:00:00,,,,9.7625,9.7625,9.6025,,,,,,
2003-06-13 00:00:00,,,,9.375,9.375,8.65,,,,0,1,5
2003-06-16 00:00:00,,,,8.8575,9.1525,8.825,,,,0,1,5
2003-06-17 00:00:00,,,,9.025,9.0625,8.8325,,,,,,
2003-06-18 00:00:00,,,,8.875,8.9575,8.75,,,,,,
2003-06-19 00:00:00,,,,8.85,8.865,8.6725,,,,,,
2003-06-20 00:00:00,,,,8.8125,8.82,8.7275,,,,,,
2003-06-23 00:00:00,,,,8.725,8.725,8.5275,,,,,,
2003-06-24 00:00:00,,,,8.545,8.65,8.4625,,,,,,
2003-06-25 00:00:00,,,,8.5325,8.5825,8.4625,,,,,,
2003-06-26 00:00:00,,,,8.5,8.5825,8.48,,,,,,
2003-06-27 00:00:00,,,,8.515,8.5475,8.3775,,,,,,
2003-06-30 00:00:00,,,,8.39,8.6,8.39,,,,0,1,5
2003-07-01 00:00:00,,,,8.4675,8.535,8.4,,,,,,
2003-07-02 00:00:00,,,,8.5,8.54,8.3575,,,,,,
2003-07-03 00:00:00,,,,8.4525,8.52,8.4225,,,,,,
2003-07-07 00:00:00,,,,8.51,8.9225,8.51,,,,0,1,5
2003-07-08 00:00:00,,,,8.8975,8.9875,8.875,,,,,,
2003-07-09 00:00:00,,,,8.93,8.98,8.8875,,,,,,
2003-07-10 00:00:00,,,,8.8975,8.8975,8.725,,,,,,
2003-07-11 00:00:00,,,,8.7625,8.88,8.75,,,,,,
2003-07-14 00:00:00,,,,8.8875,9.1,8.8875,,,,0,1,5
2003-07-15 00:00:00,,,,9.1875,9.19,9.0475,,,,,,
2003-07-16 00:00:00,,,,9.0725,9.155,9.015,,,,,,
2003-07-17 00:00:00,,,,9.1275,9.2225,9.1075,,,,0,1,5
2003-07-18 00:00:00,,,,9.1575,9.1575,8.89,,,,,,
2003-07-21 00:00:00,,,,9.0375,9.0475,8.89,,,,,,
2003-07-22 00:00:00,,,,8.9625,9.335,8.805,,,,,,
2003-07-23 00:00:00,,,,9.2975,9.2975,9.105,,,,0,1,5
2003-07-24 00:00:00,,,,9.3375,9.5625,9.2875,,,,,,
2003-07-25 00:00:00,,,,9.5,9.6275,9.4175,,,,0,1,5
2003-07-28 00:00:00,,,,9.4875,9.6025,9.43,,,,,,
2003-07-29 00:00:00,,,,9.5,9.5925,9.34,,,,,,
2003-07-30 00:00:00,,,,9.525,9.565,9.5,,,,,,
2003-07-31 00:00:00,,,,9.55,9.6875,9.505,,,,,,
2003-08-01 00:00:00,,,,9.52,9.585,9.4725,,,,,,
2003-08-04 00:00:00,,,,9.4,9.5725,9.3075,,,,,,
2003-08-05 00:00:00,,,,9.4375,9.45,9.215,,,,,,
2003-08-06 00:00:00,,,,9.2625,9.44,9.205,,,,,,
2003-08-07 00:00:00,,,,9.4,9.47,9.3275,,,,,,
2003-08-08 00:00:00,,,,9.4875,9.575,9.4525,,,,,,
2003-08-11 00:00:00,,,,9.5375,9.55,9.385,,,,,,
2003-08-12 00:00:00,,,,9.4725,9.685,9.4575,,,,,,
2003-08-13 00:00:00,,,,9.6875,9.6875,9.4125,,,,,,
2003-08-14 00:00:00,,,,9.48,9.635,9.475,,,,,,
2003-08-15 00:00:00,,,,9.6325,9.6975,9.5425,,,,,,
2003-08-18 00:00:00,,,,9.68,9.7575,9.625,,,,,,
2003-08-19 00:00:00,,,,9.7375,9.7575,9.56,,,,,,
2003-08-20 00:00:00,,,,9.6675,9.7875,9.5825,,,,,,
2003-08-21 00:00:00,,,,9.825,9.84,9.695,,,,,,
2003-08-22 00:00:00,,,,9.8125,9.8475,9.6075,,,,,,
2003-08-25 00:00:00,,,,9.6,9.6225,9.485,,,,,,
2003-08-26 00:00:00,,,,9.615,9.6525,9.45,,,,,,
2003-08-27 00:00:00,,,,9.6275,9.6275,9.48,,,,,,
2003-08-28 00:00:00,,,,9.625,9.84,9.6025,,,,0,1,5
2003-08-29 00:00:00,,,,9.84,10.0675,9.8325,,,,,,
2003-09-02 00:00:00,,,,10.085,10.2625,10.075,,,,,,
2003-09-03 00:00:00,,,,10.2125,10.3575,10.175,,,,,,
2003-09-04 00:00:00,,,,10.3575,10.3975,10.2275,,,,,,
2003-09-05 00:00:00,,,,10.1625,10.1875,9.96,,,,,,
2003-09-08 00:00:00,,,,10.025,10.045,9.925,,,,,,
2003-09-09 00:00:00,,,,10,10,9.765,,,,,,
2003-09-10 00:00:00,,,,9.8225,9.8625,9.7175,,,,,,
2003-09-11 00:00:00,,,,9.8275,9.87,9.7775,,,,,,
2003-09-12 00:00:00,,,,9.8125,9.9075,9.7275,,,,,,
2003-09-15 00:00:00,,,,9.8625,9.92,9.8,,,,,,
2003-09-16 00:00:00,,,,9.8625,9.8875,9.8175,,,,,,
2003-09-17 00:00:00,,,,9.8875,9.94,9.85,,,,,,
2003-09-18 00:00:00,,,,9.855,9.92,9.7875,,,,,,
2003-09-19 00:00:00,,,,9.855,10.0325,9.8525,,,,,,
2003-09-22 00:00:00,,,,9.9375,9.9375,9.8375,,,,,,
2003-09-23 00:00:00,,,,9.925,9.9925,9.9025,,,,,,
2003-09-24 00:00:00,,,,9.97,9.97,9.7775,,,,,,
2003-09-25 00:00:00,,,,9.765,9.8225,9.67,,,,,,
2003-09-26 00:00:00,,,,9.625,9.73,9.58,,,,,,
2003-09-29 00:00:00,,,,9.685,9.765,9.5475,,,,,,
2003-09-30 00:00:00,,,,9.7225,9.78,9.56,,,,0,1,4
2003-10-01 00:00:00,,,,9.7025,9.925,9.7025,,,,,,
2003-10-02 00:00:00,,,,9.8875,9.9125,9.82,,,,,,
2003-10-03 00:00:00,,,,9.9375,10.0975,9.9375,,,,,,
2003-10-06 00:00:00,,,,10.025,10.06,9.94,,,,,,
2003-10-07 00:00:00,,,,10.0025,10.0425,9.8775,,,,,,
2003-10-08 00:00:00,,,,10.055,10.07,9.825,,,,,,
2003-10-09 00:00:00,,,,9.9675,10.46,9.9675,,,,0,1,4
2003-10-10 00:00:00,,,,10.2475,10.295,10.0875,,,,,,
2003-10-13 00:00:00,,,,10.125,10.375,10.125,,,,,,
2003-10-14 00:00:00,,,,10.3575,10.3575,10.255,,,,,,
2003-10-15 00:00:00,,,,10.335,10.68,10.315,,,,,,
2003-10-16 00:00:00,,,,10.665,11.02,10.6275,,,,,,
2003-10-17 00:00:00,,,,10.82,10.82,10.695,,,,,,
2003-10-20 00:00:00,,,,10.7,10.725,10.5375,,,,0,1,4
2003-10-21 00:00:00,,,,10.7125,10.7125,10.5675,,,,,,
2003-10-22 00:00:00,,,,10.58,10.58,10.425,,,,,,
2003-10-23 00:00:00,,,,10.4275,10.8,10.3625,,,,,,
2003-10-24 00:00:00,,,,10.6,10.6575,10.525,,,,,,
2003-10-27 00:00:00,,,,10.6575,10.9525,10.6575,,,,,,
2003-10-28 00:00:00,,,,10.905,11.0175,10.855,,,,,,
2003-10-29 00:00:00,,,,10.825,10.88,10.7175,,,,,,
2003-10-30 00:00:00,,,,10.7425,10.75,10.6275,,,,,,
2003-10-31 00:00:00,,,,10.6425,10.815,10.6125,,,,0,0,4
2003-11-03 00:00:00,,,,10.6225,10.6875,10.57,,,,,,
2003-11-04 00:00:00,,,,10.67,10.685,10.5875,,,,,,
2003-11-05 00:00:00,,,,10.655,10.69,10.61,,,,,,
2003-11-06 00:00:00,,,,10.655,10.8825,10.65,,,,,,
2003-11-07 00:00:00,,,,10.775,10.8125,10.73,,,,,,
2003-11-10 00:00:00,,,,10.7725,10.7725,10.565,,,,,,
2003-11-11 00:00:00,,,,10.605,10.7125,10.5525,,,,,,
2003-11-12 00:00:00,,,,10.6125,10.75,10.6125,,,,,,
2003-11-13 00:00:00,,,,10.7075,10.7075,10.5625,,,,,,
2003-11-14 00:00:00,,,,10.6025,10.69,10.4475,,,,,,
2003-11-17 00:00:00,,,,10.4775,10.4775,10.2675,,,,,,
2003-11-18 00:00:00,,,,10.315,10.4425,10.27,,,,,,
2003-11-19 00:00:00,,,,10.3175,10.3175,10.16,,,,,,
2003-11-20 00:00:00,,,,10.2,10.2225,10.04,,,,,,
2003-11-21 00:00:00,,,,10.075,10.245,10.05,,,,,,
2003-11-24 00:00:00,,,,10.225,10.2775,10.16,,,,,,
2003-11-25 00:00:00,,,,10.2525,10.4675,10.25,,,,,,
2003-11-26 00:00:00,,,,10.3875,10.41,10.325,,,,,,
2003-11-28 00:00:00,,,,10.395,10.4125,10.3025,,,,,,
2003-12-01 00:00:00,,,,10.3175,10.3475,10.2225,,,,,,
2003-12-02 00:00:00,,,,10.22,10.3125,10.2,,,,,,
2003-12-03 00:00:00,,,,10.3,10.4425,10.3,,,,,,
2003-12-04 00:00:00,,,,10.3425,10.385,10.115,,,,,,
2003-12-05 00:00:00,,,,10.17,10.22,10.07,,,,,,
2003-12-08 00:00:00,,,,10.1125,10.2325,10.1125,,,,,,
2003-12-09 00:00:00,,,,10.2625,10.3525,10.2525,,,,,,
2003-12-10 00:00:00,,,,10.3175,10.3425,10.0625,,,,,,
2003-12-11 00:00:00,,,,10.075,10.3575,10.075,,,,,,
2003-12-12 00:00:00,,,,10.3325,10.3425,10.205,,,,,,
2003-12-15 00:00:00,,,,10.3775,10.4625,10.2,,,,,,
2003-12-16 00:00:00,,,,10.235,10.31,10.155,,,,,,
2003-12-17 00:00:00,,,,10.33,10.495,10.33,,,,,,
2003-12-18 00:00:00,,,,10.4325,10.5,10.3375,,,,,,
2003-12-19 00:00:00,,,,10.4875,10.565,10.42,,,,,,
2003-12-22 00:00:00,,,,10.4725,10.61,10.4575,,,,,,
2003-12-23 00:00:00,,,,10.5875,10.7125,10.5675,,,,,,
2003-12-24 00:00:00,,,,10.625,10.625,10.535,,,,,,
2003-12-26 00:00:00,,,,10.6,10.6875,10.5525,,,,,,
2003-12-29 00:00:00,,,,10.5875,10.7075,10.515,,,,,,
2003-12-30 00:00:00,,,,10.7025,10.745,10.6175,,,,,,
2003-12-31 00:00:00,,,,10.705,10.8325,10.7025,,,,,,
2004-01-02 00:00:00,,,,10.81,10.8725,10.6175,,,,,,
2004-01-05 00:00:00,,,,10.7625,10.9525,10.755,,,,,,
2004-01-06 00:00:00,,,,10.92,10.92,10.7925,,,,,,
2004-01-07 00:00:00,,,,10.8225,10.8225,10.6625,,,,,,
2004-01-08 00:00:00,,,,10.745,10.815,10.725,,,,0,0,5
2004-01-09 00:00:00,,,,10.715,10.7475,10.6475,,,,,,
2004-01-12 00:00:00,,,,10.665,10.725,10.6375,,,,,,
2004-01-13 00:00:00,,,,10.7425,10.75,10.585,,,,,,
2004-01-14 00:00:00,,,,10.6825,10.75,10.675,,,,,,
2004-01-15 00:00:00,,,,10.7375,10.76,10.5875,,,,,,
2004-01-16 00:00:00,,,,10.735,10.7775,10.6525,,,,,,
2004-01-20 00:00:00,,,,10.7075,10.78,10.69,,,,,,
2004-01-21 00:00:00,,,,10.7625,10.795,10.72,,,,,,
2004-01-22 00:00:00,,,,10.7125,10.7625,10.665,,,,,,
2004-01-23 00:00:00,,,,10.75,10.75,10.71,,,,,,
2004-01-26 00:00:00,,,,10.75,10.775,10.635,,,,,,
2004-01-27 00:00:00,,,,10.7225,10.7225,10.6375,,,,,,
2004-01-28 00:00:00,,,,10.725,10.725,10.58,,,,,,
2004-01-29 00:00:00,,,,10.6,10.6875,10.575,,,,,,
2004-01-30 00:00:00,,,,10.625,10.7,10.525,,,,,,
2004-02-02 00:00:00,,,,10.6,10.725,10.515,,,,,,
2004-02-03 00:00:00,,,,10.7325,10.785,10.65,,,,,,
2004-02-04 00:00:00,,,,10.745,10.75,10.6775,,,,,,
2004-02-05 00:00:00,,,,10.7175,10.75,10.675,,,,,,
2004-02-06 00:00:00,,,,10.75,10.815,10.6875,,,,,,
2004-02-09 00:00:00,,,,10.8075,10.8525,10.735,,,,,,
2004-02-10 00:00:00,,,,10.805,11.225,10.805,,,,,,
2004-02-11 00:00:00,,,,11.13,11.225,11.025,,,,,,
2004-02-12 00:00:00,,,,11.1275,11.295,11.125,,,,0,0,5
2004-02-13 00:00:00,,,,11.225,11.2825,11.0875,,,,,,
2004-02-17 00:00:00,,,,11.015,11.13,11.0125,,,,,,
2004-02-18 00:00:00,,,,11.0575,11.175,11.0375,,,,,,
2004-02-19 00:00:00,,,,11.125,11.18,11.125,,,,,,
2004-02-20 00:00:00,,,,11.175,11.25,11.1075,,,,,,
2004-02-23 00:00:00,,,,11.225,11.3125,11.22,,,,,,
2004-02-24 00:00:00,,,,11.25,11.325,11.25,,,,,,
2004-02-25 00:00:00,,,,11.2825,11.325,11.23,,,,,,
2004-02-26 00:00:00,,,,11.25,11.275,11.1825,,,,,,
2004-02-27 00:00:00,,,,11.255,11.37,11.225,,,,,,
2004-03-01 00:00:00,,,,11.295,11.4325,11.275,,,,,,
2004-03-02 00:00:00,,,,11.3625,11.4275,11.325,,,,,,
2004-03-03 00:00:00,,,,11.3625,11.3825,11.235,,,,,,
2004-03-04 00:00:00,,,,11.285,11.4125,11.275,,,,,,
2004-03-05 00:00:00,,,,11.3125,11.435,11.275,,,,,,
2004-03-08 00:00:00,,,,11.425,11.425,11.315,,,,,,
2004-03-09 00:00:00,,,,11.325,11.4,11.2525,,,,,,
2004-03-10 00:00:00,,,,11.3575,11.3625,11.1,,,,,,
2004-03-11 00:00:00,,,,11.08,11.1175,10.9625,,,,,,
2004-03-12 00:00:00,,,,10.95,11.1,10.87,,,,,,
2004-03-15 00:00:00,,,,11.0925,11.0925,10.925,,,,,,
2004-03-16 00:00:00,,,,10.95,11.095,10.95,,,,,,
2004-03-17 00:00:00,,,,11.0275,11.13,11.0275,,,,,,
2004-03-18 00:00:00,,,,11.075,11.075,10.8075,,,,,,
2004-03-19 00:00:00,,,,10.875,10.9425,10.83,,,,,,
2004-03-22 00:00:00,,,,10.855,10.855,10.695,,,,,,
2004-03-23 00:00:00,,,,10.725,10.7625,10.6375,,,,,,
2004-03-24 00:00:00,,,,11.0375,11.46,11.025,,,,,,
2004-03-25 00:00:00,,,,11.3975,11.4,11.2475,,,,,,
2004-03-26 00:00:00,,,,11.36,11.4425,11.35,,,,,,
2004-03-29 00:00:00,,,,11.4375,11.6375,11.3975,,,,,,
2004-03-30 00:00:00,,,,11.6775,11.76,11.5875,,,,,,
2004-03-31 00:00:00,,,,11.6775,11.725,11.5,,,,,,
2004-04-01 00:00:00,,,,11.7,11.7875,11.5775,,,,,,
2004-04-02 00:00:00,,,,11.7375,11.8625,11.725,,,,,,
2004-04-05 00:00:00,,,,11.8125,12.0475,11.8,,,,,,
2004-04-06 00:00:00,,,,12.0475,12.1225,11.9875,,,,,,
2004-04-07 00:00:00,,,,12.0075,12.05,11.8325,,,,,,
2004-04-08 00:00:00,,,,11.9975,12.0125,11.8025,,,,,,
2004-04-12 00:00:00,,,,11.9125,11.95,11.8725,,,,,,
2004-04-13 00:00:00,,,,11.92,12.0125,11.9125,,,,,,
2004-04-14 00:00:00,,,,11.945,12.0425,11.845,,,,,,
2004-04-15 00:00:00,,,,12,12.12,11.9675,,,,,,
2004-04-16 00:00:00,,,,12.05,12.05,11.95,,,,,,
2004-04-19 00:00:00,,,,11.9625,11.97,11.8475,,,,,,
2004-04-20 00:00:00,,,,11.9425,12.0575,11.7875,,,,,,
2004-04-21 00:00:00,,,,11.7875,11.81,11.61,,,,,,
2004-04-22 00:00:00,,,,11.79,12.025,11.76,,,,0,0,5
2004-04-23 00:00:00,,,,12.0625,12.08,11.955,,,,,,
2004-04-26 00:00:00,,,,11.9875,12.0125,11.765,,,,,,
2004-04-27 00:00:00,,,,11.875,12.08,11.755,,,,,,
2004-04-28 00:00:00,,,,11.89,11.9025,11.675,,,,,,
2004-04-29 00:00:00,,,,11.75,11.8575,11.4925,,,,,,
2004-04-30 00:00:00,,,,11.5875,11.63,11.475,,,,0,0,5
2004-05-03 00:00:00,,,,11.59,11.685,11.475,,,,,,
2004-05-04 00:00:00,,,,11.4375,11.5,11.25,,,,,,
2004-05-05 00:00:00,,,,11.3,11.4075,11.275,,,,,,
2004-05-06 00:00:00,,,,11.35,11.35,11.1375,,,,,,
2004-05-07 00:00:00,,,,11.2425,11.3875,10.9375,,,,,,
2004-05-10 00:00:00,,,,10.975,11.05,10.875,,,,,,
2004-05-11 00:00:00,,,,10.9875,11.18,10.985,,,,0,0,5
2004-05-12 00:00:00,,,,11.1625,11.2425,10.955,,,,,,
2004-05-13 00:00:00,,,,11.2625,11.33,11.2,,,,,,
2004-05-14 00:00:00,,,,11.22,11.345,11.025,,,,,,
2004-05-17 00:00:00,,,,11.1725,11.1725,10.9225,,,,,,
2004-05-18 00:00:00,,,,11.025,11.165,10.995,,,,,,
2004-05-19 00:00:00,,,,11.125,11.3025,11.0875,,,,,,
2004-05-20 00:00:00,,,,11.1,11.1325,10.9425,,,,,,
2004-05-21 00:00:00,,,,11.175,11.3475,11.17,,,,,,
2004-05-24 00:00:00,,,,11.265,11.3875,11.1825,,,,,,
2004-05-25 00:00:00,,,,11.275,11.565,11.2,,,,,,
2004-05-26 00:00:00,,,,11.5625,11.59,11.4475,,,,,,
2004-05-27 00:00:00,,,,11.53,11.73,11.53,,,,,,
2004-05-28 00:00:00,,,,11.695,11.78,11.5975,,,,,,
2004-06-01 00:00:00,,,,11.745,11.7575,11.5625,,,,,,
2004-06-02 00:00:00,,,,11.65,11.73,11.625,,,,,,
2004-06-03 00:00:00,,,,11.7375,11.8075,11.59,,,,,,
2004-06-04 00:00:00,,,,11.78,11.8225,11.725,,,,,,
2004-06-07 00:00:00,,,,11.8375,11.9475,11.8,,,,,,
2004-06-08 00:00:00,,,,11.9,12.0875,11.9,,,,,,
2004-06-09 00:00:00,,,,11.9875,11.99,11.74,,,,,,
2004-06-10 00:00:00,,,,11.865,11.99,11.855,,,,,,
2004-06-14 00:00:00,,,,11.9,11.9125,11.7825,,,,0,0,4
2004-06-15 00:00:00,,,,11.8575,12.0125,11.845,,,,,,
2004-06-16 00:00:00,,,,11.91,11.94,11.835,,,,,,
2004-06-17 00:00:00,,,,11.875,11.9625,11.825,,,,,,
2004-06-18 00:00:00,,,,11.8975,11.995,11.8925,,,,,,
2004-06-21 00:00:00,,,,11.95,11.97,11.89,,,,,,
2004-06-22 00:00:00,,,,11.925,12.07,11.86,,,,,,
2004-06-23 00:00:00,,,,12.05,12.2175,12.015,,,,,,
2004-06-24 00:00:00,,,,12.2175,12.5925,12.2175,,,,0,0,4
2004-06-25 00:00:00,,,,12.375,12.5275,12.36,,,,,,
2004-06-28 00:00:00,,,,12.5,12.6125,12.445,,,,,,
2004-06-29 00:00:00,,,,12.4625,12.4625,12.23,,,,,,
2004-06-30 00:00:00,,,,12.2375,12.275,12.155,,,,,,
2004-07-01 00:00:00,,,,12.175,12.2275,12.07,,,,0,0,3
2004-07-02 00:00:00,,,,12.165,12.2,12.0625,,,,,,
2004-07-06 00:00:00,,,,12.0875,12.1,12.02,,,,,,
2004-07-07 00:00:00,,,,12.0625,12.315,12.0625,,,,,,
2004-07-08 00:00:00,,,,12.25,12.25,11.9325,,,,,,
2004-07-09 00:00:00,,,,12.0525,12.0975,11.9525,,,,,,
2004-07-12 00:00:00,,,,12.035,12.08,11.9675,,,,,,
2004-07-13 00:00:00,,,,12.035,12.1875,12,,,,,,
2004-07-14 00:00:00,,,,12.1875,12.2,12.035,,,,,,
2004-07-15 00:00:00,,,,12.1,12.165,12.0575,,,,,,
2004-07-16 00:00:00,,,,12.175,12.1975,11.955,,,,,,
2004-07-19 00:00:00,,,,11.96,11.9825,11.7875,,,,,,
2004-07-20 00:00:00,,,,11.865,12.0525,11.85,,,,,,
2004-07-21 00:00:00,,,,12.06,12.1125,11.885,,,,,,
2004-07-22 00:00:00,,,,11.8975,11.8975,11.4675,,,,,,
2004-07-23 00:00:00,,,,11.825,12.0925,11.75,,,,,,
2004-07-26 00:00:00,,,,12.0525,12.275,12.0525,,,,,,
2004-07-27 00:00:00,,,,12.175,12.2225,12.0575,,,,,,
2004-07-28 00:00:00,,,,12.1,12.27,11.995,,,,,,
2004-07-29 00:00:00,,,,12.24,12.5275,12.225,,,,,,
2004-07-30 00:00:00,,,,12.47,12.5275,12.3625,,,,,,
2004-08-02 00:00:00,,,,12.5375,12.6175,12.4475,,,,,,
2004-08-03 00:00:00,,,,12.5375,12.5675,12.415,,,,,,
2004-08-04 00:00:00,,,,12.475,12.475,12.14,,,,,,
2004-08-05 00:00:00,,,,12.3075,12.3075,12.0025,,,,,,
2004-08-06 00:00:00,,,,11.925,11.95,11.795,,,,,,
2004-08-09 00:00:00,,,,11.9625,12.0175,11.7925,,,,,,
2004-08-10 00:00:00,,,,11.9475,12.145,11.93,,,,,,
2004-08-11 00:00:00,,,,12.135,12.135,11.97,,,,,,
2004-08-12 00:00:00,,,,12.0675,12.0675,11.8025,,,,,,
2004-08-13 00:00:00,,,,11.8875,11.8875,11.7475,,,,,,
2004-08-16 00:00:00,,,,11.8225,12.1725,11.8225,,,,,,
2004-08-17 00:00:00,,,,12.215,12.3975,12.2125,,,,,,
2004-08-18 00:00:00,,,,12.2475,12.3325,12.1625,,,,,,
2004-08-19 00:00:00,,,,12.3125,12.4025,12.2375,,,,,,
2004-08-20 00:00:00,,,,12.3875,12.52,12.3125,,,,,,
2004-08-23 00:00:00,,,,12.5125,12.5125,12.3025,,,,,,
2004-08-24 00:00:00,,,,12.3875,12.4625,12.35,,,,,,
2004-08-25 00:00:00,,,,12.4175,12.4475,12.3125,,,,,,
2004-08-26 00:00:00,,,,12.385,12.4,12.3275,,,,,,
2004-08-27 00:00:00,,,,12.3075,12.315,12.19,,,,,,
2004-08-30 00:00:00,,,,12.2575,12.2625,12.105,,,,,,
2004-08-31 00:00:00,,,,12.1475,12.335,12.1175,,,,,,
2004-09-01 00:00:00,,,,12.335,12.4225,12.2675,,,,,,
2004-09-02 00:00:00,,,,12.3375,12.59,12.3375,,,,,,
2004-09-03 00:00:00,,,,12.55,12.55,12.4275,,,,,,
2004-09-07 00:00:00,,,,12.6,12.6275,12.505,,,,,,
2004-09-08 00:00:00,,,,12.5375,12.755,12.5375,,,,,,
2004-09-09 00:00:00,,,,12.6575,12.6575,12.325,,,,,,
2004-09-10 00:00:00,,,,12.3875,12.515,12.325,,,,,,
2004-09-13 00:00:00,,,,12.4625,12.56,12.425,,,,,,
2004-09-14 00:00:00,,,,12.475,12.5875,12.4475,,,,,,
2004-09-15 00:00:00,,,,12.5,12.6125,12.4675,,,,,,
2004-09-16 00:00:00,,,,12.5125,12.5375,12.3775,,,,,,
2004-09-17 00:00:00,,,,12.425,12.4875,12.32,,,,,,
2004-09-20 00:00:00,,,,12.3475,12.43,12.2725,,,,,,
2004-09-21 00:00:00,,,,12.2775,12.37,12.22,,,,,,
2004-09-22 00:00:00,,,,12.2625,12.28,12.0675,,,,,,
2004-09-23 00:00:00,,,,12.1875,12.315,12.15,,,,,,
2004-09-24 00:00:00,,,,12.225,12.27,12.19,,,,,,
2004-09-27 00:00:00,,,,12.2,12.2125,11.9775,,,,,,
2004-09-28 00:00:00,,,,12.025,12.125,11.9575,,,,,,
2004-09-29 00:00:00,,,,12.05,12.1825,12.04,,,,,,
2004-09-30 00:00:00,,,,12.1875,12.4,12.115,,,,,,
2004-10-01 00:00:00,,,,12.3875,12.5225,12.355,,,,,,
2004-10-04 00:00:00,,,,12.55,12.5675,12.4375,,,,,,
2004-10-05 00:00:00,,,,12.4825,12.5,12.3875,,,,,,
2004-10-06 00:00:00,,,,12.5,12.6875,12.5,,,,,,
2004-10-07 00:00:00,,,,12.6425,12.6725,12.52,,,,,,
2004-10-08 00:00:00,,,,12.5275,12.5525,12.3425,,,,,,
2004-10-11 00:00:00,,,,12.4075,12.465,12.3625,,,,,,
2004-10-12 00:00:00,,,,12.3375,12.3375,12.1325,,,,,,
2004-10-13 00:00:00,,,,12.17,12.17,11.7875,,,,,,
2004-10-14 00:00:00,,,,12.025,12.1925,11.9825,,,,,,
2004-10-15 00:00:00,,,,12.3125,12.4675,12.25,,,,0,0,3
2004-10-18 00:00:00,,,,12.325,12.475,12.27,,,,,,
2004-10-19 00:00:00,,,,12.4225,12.4725,12.2825,,,,,,
2004-10-20 00:00:00,,,,12.3325,12.585,12.3,,,,,,
2004-10-21 00:00:00,,,,12.4125,12.6925,12.325,,,,,,
2004-10-22 00:00:00,,,,12.6,12.68,12.4775,,,,0,0,3
2004-10-25 00:00:00,,,,12.5075,13.585,12.425,,,,,,
2004-10-26 00:00:00,,,,13.44,13.485,13.3,,,,,,
2004-10-27 00:00:00,,,,13.2175,13.4075,13.155,,,,,,
2004-10-28 00:00:00,,,,13.375,13.545,13.325,,,,,,
2004-10-29 00:00:00,,,,13.475,13.4925,13.3925,,,,,,
2004-11-01 00:00:00,,,,13.4625,13.645,13.405,,,,,,
2004-11-02 00:00:00,,,,13.6,13.695,13.525,,,,,,
2004-11-03 00:00:00,,,,13.6125,13.6375,13.55,,,,,,
2004-11-04 00:00:00,,,,13.6375,13.8225,13.5975,,,,,,
2004-11-05 00:00:00,,,,13.795,13.8,13.7225,,,,,,
2004-11-08 00:00:00,,,,13.75,13.7875,13.7075,,,,,,
2004-11-09 00:00:00,,,,13.675,13.735,13.59,,,,,,
2004-11-10 00:00:00,,,,13.65,13.71,13.5625,,,,,,
2004-11-11 00:00:00,,,,13.595,13.635,13.495,,,,,,
2004-11-12 00:00:00,,,,13.5875,13.6575,13.56,,,,,,
2004-11-15 00:00:00,,,,13.625,13.6675,13.59,,,,,,
2004-11-16 00:00:00,,,,13.625,13.7,13.6075,,,,,,
2004-11-17 00:00:00,,,,13.7125,13.8075,13.6675,,,,,,
2004-11-18 00:00:00,,,,13.65,13.7,13.5825,,,,,,
2004-11-19 00:00:00,,,,13.5875,13.6,13.4425,,,,,,
2004-11-22 00:00:00,,,,13.4575,13.5,13.35,,,,,,
2004-11-23 00:00:00,,,,13.48,13.5475,13.4,,,,,,
2004-11-24 00:00:00,,,,13.505,13.5375,13.4775,,,,,,
2004-11-26 00:00:00,,,,13.525,13.55,13.5075,,,,,,
2004-11-29 00:00:00,,,,13.55,13.625,13.525,,,,,,
2004-11-30 00:00:00,,,,13.55,13.56,13.4525,,,,,,
2004-12-01 00:00:00,,,,13.4975,13.675,13.4975,,,,,,
2004-12-02 00:00:00,,,,13.6125,13.6125,13.475,,,,,,
2004-12-03 00:00:00,,,,13.5375,13.5625,13.48,,,,,,
2004-12-06 00:00:00,,,,13.49,13.49,13.34,,,,,,
2004-12-07 00:00:00,,,,13.475,13.5225,13.4075,,,,,,
2004-12-08 00:00:00,,,,13.3625,13.425,13.2875,,,,,,
2004-12-09 00:00:00,,,,13.375,13.4625,13.35,,,,,,
2004-12-10 00:00:00,,,,13.4,13.4,13.225,,,,,,
2004-12-13 00:00:00,,,,13.3525,13.375,13.17,,,,,,
2004-12-14 00:00:00,,,,13.325,13.4125,13.235,,,,,,
2004-12-15 00:00:00,,,,13.375,13.4475,13.325,,,,,,
2004-12-16 00:00:00,,,,13.4125,13.5125,13.3375,,,,,,
2004-12-17 00:00:00,,,,13.3525,13.4975,13.3525,,,,,,
2004-12-20 00:00:00,,,,13.4375,13.4375,13.28,,,,,,
2004-12-21 00:00:00,,,,13.45,13.5825,13.45,,,,,,
2004-12-22 00:00:00,,,,13.575,13.5875,13.48,,,,,,
2004-12-23 00:00:00,,,,13.545,13.545,13.435,,,,,,
2004-12-27 00:00:00,,,,13.5025,13.52,13.43,,,,,,
2004-12-28 00:00:00,,,,13.47,13.6475,13.4375,,,,,,
2004-12-29 00:00:00,,,,13.605,13.76,13.5325,,,,,,
2004-12-30 00:00:00,,,,13.7025,13.8225,13.6675,,,,,,
2004-12-31 00:00:00,,,,13.7525,13.9025,13.71,,,,,,
2005-01-03 00:00:00,,,,13.7925,13.8375,13.505,,,,,,
2005-01-04 00:00:00,,,,13.675,13.72,13.465,,,,,,
2005-01-05 00:00:00,,,,13.5525,13.5525,13.315,,,,,,
2005-01-06 00:00:00,,,,13.2875,13.365,13.24,,,,,,
2005-01-07 00:00:00,,,,13.35,13.3875,13.21,,,,,,
2005-01-10 00:00:00,,,,13.25,13.5425,13.23,,,,0,0,2
2005-01-11 00:00:00,,,,13.4775,13.52,13.3775,,,,,,
2005-01-12 00:00:00,,,,13.425,13.5325,13.35,,,,,,
2005-01-13 00:00:00,,,,13.4425,13.4425,13.2475,,,,,,
2005-01-14 00:00:00,,,,13.2975,13.4125,13.2975,,,,,,
2005-01-18 00:00:00,,,,13.4,13.6525,13.3375,,,,,,
2005-01-19 00:00:00,,,,13.6025,13.6975,13.565,,,,0,0,3
2005-01-20 00:00:00,,,,13.595,13.6075,13.43,,,,,,
2005-01-21 00:00:00,,,,13.425,13.425,13.1675,,,,,,
2005-01-24 00:00:00,,,,13.1925,13.29,13.125,,,,,,
2005-01-25 00:00:00,,,,13.1675,13.2575,13.145,,,,,,
2005-01-26 00:00:00,,,,13.1575,13.1575,13.0625,,,,,,
2005-01-27 00:00:00,,,,13.125,13.3,13.1,,,,,,
2005-01-28 00:00:00,,,,13.25,13.25,13.05,,,,,,
2005-01-31 00:00:00,,,,13.125,13.38,13.08,,,,,,
2005-02-01 00:00:00,,,,13.4175,13.4675,13.3325,,,,,,
2005-02-02 00:00:00,,,,13.3875,13.5875,13.3875,,,,,,
2005-02-03 00:00:00,,,,13.5,13.5625,13.405,,,,,,
2005-02-04 00:00:00,,,,13.54,13.615,13.48,,,,0,0,2
2005-02-07 00:00:00,,,,13.5625,13.85,13.5475,,,,,,
2005-02-08 00:00:00,,,,13.5375,14.8375,13.525,,,,0,1,2
2005-02-09 00:00:00,,,,14.7475,14.8075,14.2325,,,,0,1,2
2005-02-10 00:00:00,,,,14.485,14.98,14.465,,,,,,
2005-02-11 00:00:00,,,,14.9,15.185,14.9,,,,,,
2005-02-14 00:00:00,,,,14.5125,14.745,14.225,,,,,,
2005-02-15 00:00:00,,,,14.725,14.925,14.7025,,,,,,
2005-02-16 00:00:00,,,,14.79,14.9675,14.775,,,,,,
2005-02-17 00:00:00,,,,14.8375,14.89,14.75,,,,,,
2005-02-18 00:00:00,,,,14.8625,14.8825,14.675,,,,,,
2005-02-22 00:00:00,,,,14.7625,14.96,14.7025,,,,,,
2005-02-23 00:00:00,,,,14.7125,14.91,14.7125,,,,,,
2005-02-24 00:00:00,,,,14.8425,14.995,14.735,,,,,,
2005-02-25 00:00:00,,,,15,15,14.72,,,,,,
2005-02-28 00:00:00,,,,14.8975,15.085,14.8825,,,,,,
2005-03-01 00:00:00,,,,14.925,15.1625,14.775,,,,,,
2005-03-02 00:00:00,,,,15.115,15.1325,15.0075,,,,,,
2005-03-03 00:00:00,,,,15.085,15.1125,15.045,,,,,,
2005-03-04 00:00:00,,,,15.0875,15.15,14.9775,,,,,,
2005-03-07 00:00:00,,,,15.075,15.075,14.9375,,,,,,
2005-03-08 00:00:00,,,,15.0375,15.0375,14.845,,,,,,
2005-03-09 00:00:00,,,,14.8,14.87,14.7125,,,,,,
2005-03-10 00:00:00,,,,14.775,14.915,14.73,,,,,,
2005-03-11 00:00:00,,,,14.825,14.925,14.6625,,,,,,
2005-03-14 00:00:00,,,,14.6875,14.825,14.6725,,,,,,
2005-03-15 00:00:00,,,,14.81,14.8725,14.75,,,,,,
2005-03-16 00:00:00,,,,14.7825,14.81,14.6075,,,,,,
2005-03-17 00:00:00,,,,14.7,14.745,14.55,,,,,,
2005-03-18 00:00:00,,,,14.67,14.7575,14.49,,,,,,
2005-03-21 00:00:00,,,,14.6,14.6125,14.4825,,,,,,
2005-03-22 00:00:00,,,,14.4625,14.595,14.315,,,,,,
2005-03-23 00:00:00,,,,14.375,14.375,14.175,,,,,,
2005-03-24 00:00:00,,,,14.2125,14.3675,14.2125,,,,,,
2005-03-28 00:00:00,,,,14.4,14.5275,14.39,,,,,,
2005-03-29 00:00:00,,,,14.4875,14.71,14.3575,,,,,,
2005-03-30 00:00:00,,,,14.4375,14.58,14.4175,,,,,,
2005-03-31 00:00:00,,,,14.5775,14.8325,14.4975,,,,,,
2005-04-01 00:00:00,,,,14.8,14.92,14.45,,,,,,
2005-04-04 00:00:00,,,,14.55,14.5925,14.4275,,,,,,
2005-04-05 00:00:00,,,,14.5625,14.795,14.5625,,,,,,
2005-04-06 00:00:00,,,,14.765,14.7875,14.63,,,,,,
2005-04-07 00:00:00,,,,14.675,14.675,14.4625,,,,,,
2005-04-08 00:00:00,,,,14.55,14.635,14.4725,,,,,,
2005-04-11 00:00:00,,,,14.505,14.515,14.4125,,,,,,
2005-04-12 00:00:00,,,,14.475,14.5175,14.3075,,,,,,
2005-04-13 00:00:00,,,,14.475,14.65,14.475,,,,,,
2005-04-14 00:00:00,,,,14.6625,14.7575,14.54,,,,0,2,2
2005-04-15 00:00:00,,,,14.595,14.595,14.11,,,,,,
2005-04-18 00:00:00,,,,14.0875,14.2875,14.08,,,,,,
2005-04-19 00:00:00,,,,14.235,14.5125,14.235,,,,,,
2005-04-20 00:00:00,,,,14.315,14.345,14.05,,,,,,
2005-04-21 00:00:00,,,,14.1575,14.37,14.1375,,,,,,
2005-04-22 00:00:00,,,,14.3425,14.345,14.07,,,,,,
2005-04-25 00:00:00,,,,14.25,14.485,14.25,,,,,,
2005-04-26 00:00:00,,,,14.395,14.9825,14.395,,,,0,2,3
2005-04-27 00:00:00,,,,14.6575,14.66,14.29,,,,,,
2005-04-28 00:00:00,,,,14.475,14.82,14.3875,,,,,,
2005-04-29 00:00:00,,,,14.5175,14.5375,13.9975,,,,,,
2005-05-02 00:00:00,,,,14.235,14.375,14.195,,,,,,
2005-05-03 00:00:00,,,,14.265,14.3175,14.1575,,,,,,
2005-05-04 00:00:00,,,,14.2625,14.275,14.0175,,,,,,
2005-05-05 00:00:00,,,,14.08,14.3,14.08,,,,,,
2005-05-06 00:00:00,,,,14.1325,14.23,13.9675,,,,,,
2005-05-09 00:00:00,,,,14.0325,14.07,13.98,,,,,,
2005-05-10 00:00:00,,,,13.98,14.02,13.81,,,,,,
2005-05-11 00:00:00,,,,13.88,14.0775,13.88,,,,,,
2005-05-12 00:00:00,,,,14.065,14.175,13.8925,,,,,,
2005-05-13 00:00:00,,,,13.88,13.9625,13.65,,,,,,
2005-05-16 00:00:00,,,,13.78,14.02,13.78,,,,,,
2005-05-17 00:00:00,,,,13.9525,14.055,13.84,,,,,,
2005-05-18 00:00:00,,,,14.095,14.1675,14.0325,,,,,,
2005-05-19 00:00:00,,,,14.125,14.125,13.98,,,,,,
2005-05-20 00:00:00,,,,13.955,13.965,13.7275,,,,,,
2005-05-23 00:00:00,,,,13.95,13.9875,13.8875,,,,,,
2005-05-24 00:00:00,,,,14.0525,14.325,13.98,,,,,,
2005-05-25 00:00:00,,,,14.2825,14.3325,14.1025,,,,,,
2005-05-26 00:00:00,,,,14.2,14.275,14.0575,,,,,,
2005-05-27 00:00:00,,,,14.13,14.1925,14.0975,,,,,,
2005-05-31 00:00:00,,,,14.16,14.2075,14.06,,,,,,
2005-06-01 00:00:00,,,,14.1075,14.27,14.0775,,,,0,3,3
2005-06-02 00:00:00,,,,14.175,14.3175,14.175,,,,,,
2005-06-03 00:00:00,,,,14.2875,14.3675,14.215,,,,0,3,4
2005-06-06 00:00:00,,,,14.32,14.34,14.22,,,,,,
2005-06-07 00:00:00,,,,14.325,14.4425,14.3125,,,,,,
2005-06-08 00:00:00,,,,14.3575,14.495,14.3175,,,,,,
2005-06-09 00:00:00,,,,14.4125,14.45,14.2925,,,,,,
2005-06-10 00:00:00,,,,14.3775,14.5,14.3775,,,,,,
2005-06-13 00:00:00,,,,14.4425,14.5825,14.41,,,,,,
2005-06-14 00:00:00,,,,14.4575,14.575,14.4525,,,,,,
2005-06-15 00:00:00,,,,14.5,14.6775,14.4975,,,,,,
2005-06-16 00:00:00,,,,14.6625,14.78,14.6325,,,,,,
2005-06-17 00:00:00,,,,14.875,14.8925,14.7775,,,,,,
2005-06-20 00:00:00,,,,14.7275,14.7875,14.67,,,,,,
2005-06-21 00:00:00,,,,14.75,14.7625,14.645,,,,,,
2005-06-22 00:00:00,,,,14.7275,14.77,14.655,,,,,,
2005-06-23 00:00:00,,,,14.6625,14.72,14.4125,,,,,,
2005-06-24 00:00:00,,,,14.45,14.455,14.245,,,,,,
2005-06-27 00:00:00,,,,14.2375,14.2375,14.1125,,,,,,
2005-06-28 00:00:00,,,,14.22,14.4375,14.1925,,,,,,
2005-06-29 00:00:00,,,,14.425,14.4375,14.3,,,,,,
2005-06-30 00:00:00,,,,14.425,14.44,14.3025,,,,,,
2005-07-01 00:00:00,,,,14.33,14.3875,14.245,,,,,,
2005-07-05 00:00:00,,,,14.3175,14.635,14.3175,,,,,,
2005-07-06 00:00:00,,,,14.545,14.545,14.2225,,,,,,
2005-07-07 00:00:00,,,,14.1375,14.3175,14.065,,,,,,
2005-07-08 00:00:00,,,,14.3125,14.3875,14.24,,,,,,
2005-07-11 00:00:00,,,,14.425,14.5275,14.4075,,,,,,
2005-07-12 00:00:00,,,,14.465,14.8075,14.4375,,,,,,
2005-07-13 00:00:00,,,,14.7825,15.04,14.75,,,,,,
2005-07-14 00:00:00,,,,15.0025,15.1,14.9375,,,,,,
2005-07-15 00:00:00,,,,15,15.035,14.9475,,,,,,
2005-07-18 00:00:00,,,,15,15.085,14.9575,,,,,,
2005-07-19 00:00:00,,,,15.0675,15.3275,15.0275,,,,0,3,4
2005-07-20 00:00:00,,,,15.295,15.3975,15.2025,,,,,,
2005-07-21 00:00:00,,,,15.4025,15.4025,15.0975,,,,0,3,4
2005-07-22 00:00:00,,,,15.3125,15.3525,15.1825,,,,0,3,4
2005-07-25 00:00:00,,,,15.3825,15.3825,15.1025,,,,,,
2005-07-26 00:00:00,,,,15.19,15.19,14.9775,,,,,,
2005-07-27 00:00:00,,,,14.925,14.9375,14.805,,,,,,
2005-07-28 00:00:00,,,,14.9475,14.96,14.685,,,,,,
2005-07-29 00:00:00,,,,14.78,14.875,14.725,,,,,,
2005-08-01 00:00:00,,,,14.735,14.79,14.5525,,,,,,
2005-08-02 00:00:00,,,,14.6225,14.9925,14.5425,,,,0,3,4
2005-08-03 00:00:00,,,,14.95,14.9775,14.8075,,,,,,
2005-08-04 00:00:00,,,,14.7625,14.7625,14.5525,,,,,,
2005-08-05 00:00:00,,,,14.6325,14.705,14.585,,,,,,
2005-08-08 00:00:00,,,,14.54,14.675,14.535,,,,,,
2005-08-09 00:00:00,,,,14.75,14.9925,14.645,,,,,,
2005-08-10 00:00:00,,,,14.75,14.825,14.6675,,,,,,
2005-08-11 00:00:00,,,,14.7225,14.785,14.6325,,,,,,
2005-08-12 00:00:00,,,,14.6625,14.675,14.4475,,,,0,3,4
2005-08-15 00:00:00,,,,14.575,14.6225,14.5,,,,,,
2005-08-16 00:00:00,,,,14.595,14.595,14.255,,,,,,
2005-08-17 00:00:00,,,,14.7225,15.0225,14.5125,,,,0,4,3
2005-08-18 00:00:00,,,,14.925,14.995,14.76,,,,,,
2005-08-19 00:00:00,,,,14.85,14.88,14.73,,,,,,
2005-08-22 00:00:00,,,,14.6675,14.765,14.5475,,,,,,
2005-08-23 00:00:00,,,,14.7075,14.8075,14.6025,,,,,,
2005-08-24 00:00:00,,,,14.685,14.765,14.575,,,,,,
2005-08-25 00:00:00,,,,14.6,14.995,14.5875,,,,,,
2005-08-26 00:00:00,,,,14.935,14.95,14.8,,,,,,
2005-08-29 00:00:00,,,,14.795,14.9075,14.7275,,,,,,
2005-08-30 00:00:00,,,,14.84,14.84,14.4875,,,,,,
2005-08-31 00:00:00,,,,14.625,14.8275,14.54,,,,,,
2005-09-01 00:00:00,,,,14.8125,14.8525,14.535,,,,,,
2005-09-02 00:00:00,,,,14.7,14.725,14.575,,,,,,
2005-09-06 00:00:00,,,,14.6175,14.86,14.6175,,,,,,
2005-09-07 00:00:00,,,,14.725,14.9875,14.7125,,,,,,
2005-09-08 00:00:00,,,,14.935,15,14.78,,,,,,
2005-09-09 00:00:00,,,,14.9725,15.0075,14.865,,,,,,
2005-09-12 00:00:00,,,,14.9525,15.245,14.9075,,,,,,
2005-09-13 00:00:00,,,,15.22,15.25,15.1125,,,,,,
2005-09-14 00:00:00,,,,15.1575,15.1925,14.9725,,,,,,
2005-09-15 00:00:00,,,,15,15.07,14.9125,,,,,,
2005-09-16 00:00:00,,,,15.035,15.2275,14.875,,,,,,
2005-09-19 00:00:00,,,,15.1925,15.1925,14.825,,,,,,
2005-09-20 00:00:00,,,,14.925,15.0525,14.695,,,,,,
2005-09-21 00:00:00,,,,14.72,14.72,14.0625,,,,,,
2005-09-22 00:00:00,,,,14.03,14.3,13.885,,,,,,
2005-09-23 00:00:00,,,,14.215,14.53,14.1875,,,,,,
2005-09-26 00:00:00,,,,14.5,14.745,14.45,,,,0,4,4
2005-09-27 00:00:00,,,,14.545,14.6075,14.3525,,,,0,4,5
2005-09-28 00:00:00,,,,14.5625,14.5875,14.2475,,,,,,
2005-09-29 00:00:00,,,,14.325,14.4275,14.17,,,,,,
2005-09-30 00:00:00,,,,14.3825,14.56,14.375,,,,,,
2005-10-03 00:00:00,,,,14.5075,14.5875,14.3175,,,,,,
2005-10-04 00:00:00,,,,14.4,14.425,14.135,,,,,,
2005-10-05 00:00:00,,,,14.085,14.1025,13.815,,,,,,
2005-10-06 00:00:00,,,,13.85,14.015,13.8,,,,,,
2005-10-07 00:00:00,,,,14.025,14.1175,13.96,,,,0,5,5
2005-10-10 00:00:00,,,,14.0125,14.05,13.85,,,,,,
2005-10-11 00:00:00,,,,13.8275,14,13.8275,,,,,,
2005-10-12 00:00:00,,,,13.875,13.9075,13.675,,,,,,
2005-10-13 00:00:00,,,,13.8175,13.885,13.6,,,,0,5,5
2005-10-14 00:00:00,,,,13.74,13.91,13.65,,,,,,
2005-10-17 00:00:00,,,,13.88,14.07,13.88,,,,0,5,5
2005-10-18 00:00:00,,,,13.95,13.995,13.81,,,,,,
2005-10-19 00:00:00,,,,13.755,14.0725,13.6575,,,,0,5,5
2005-10-20 00:00:00,,,,14.045,14.2775,13.775,,,,,,
2005-10-21 00:00:00,,,,13.75,13.85,13.375,,,,0,5,5
2005-10-24 00:00:00,,,,13.2625,13.355,12.8975,,,,0,4,6
2005-10-25 00:00:00,,,,12.95,13.0975,12.915,,,,0,4,6
2005-10-26 00:00:00,,,,13.0125,13.275,12.955,,,,,,
2005-10-27 00:00:00,,,,13,13,12.61,,,,,,
2005-10-28 00:00:00,,,,12.8,13.0575,12.8,,,,,,
2005-10-31 00:00:00,,,,12.95,13.2,12.95,,,,,,
2005-11-01 00:00:00,,,,13.0125,13.1575,12.9675,,,,0,4,6
2005-11-02 00:00:00,,,,13.1,13.29,13.1,,,,,,
2005-11-03 00:00:00,,,,13.305,13.5375,13.305,,,,,,
2005-11-04 00:00:00,,,,13.2875,13.41,13.275,,,,,,
2005-11-07 00:00:00,,,,13.4225,13.495,13.3825,,,,,,
2005-11-08 00:00:00,,,,13.35,13.45,13.2875,,,,,,
2005-11-09 00:00:00,,,,13.445,13.4975,13.35,,,,,,
2005-11-10 00:00:00,,,,13.375,13.6625,13.33,,,,,,
2005-11-11 00:00:00,,,,13.6825,13.7025,13.5625,,,,,,
2005-11-14 00:00:00,,,,13.5875,13.68,13.535,,,,,,
2005-11-15 00:00:00,,,,13.5575,13.5575,13.2875,,,,,,
2005-11-16 00:00:00,,,,13.485,13.6525,13.465,,,,,,
2005-11-17 00:00:00,,,,13.69,13.84,13.6425,,,,,,
2005-11-18 00:00:00,,,,13.9,13.93,13.785,,,,,,
2005-11-21 00:00:00,,,,13.9175,13.94,13.79,,,,0,4,6
2005-11-22 00:00:00,,,,13.7925,13.895,13.7275,,,,0,4,7
2005-11-23 00:00:00,,,,13.8725,13.9875,13.865,,,,,,
2005-11-25 00:00:00,,,,14,14.0175,13.8425,,,,,,
2005-11-28 00:00:00,,,,14.05,14.05,13.92,,,,,,
2005-11-29 00:00:00,,,,14.0325,14.295,14.02,,,,,,
2005-11-30 00:00:00,,,,14.2125,14.3675,14.1375,,,,,,
2005-12-01 00:00:00,,,,14.1875,14.285,14.1,,,,,,
2005-12-02 00:00:00,,,,14.175,14.35,14.14,,,,,,
2005-12-05 00:00:00,,,,14.315,14.375,14.1925,,,,,,
2005-12-06 00:00:00,,,,14.3575,14.8675,14.3575,,,,,,
2005-12-07 00:00:00,,,,14.445,14.555,14.3575,,,,,,
2005-12-08 00:00:00,,,,14.435,14.4625,14.3275,,,,,,
2005-12-09 00:00:00,,,,14.4375,14.4625,14.2625,,,,,,
2005-12-12 00:00:00,,,,14.3725,14.46,14.3,,,,,,
2005-12-13 00:00:00,,,,14.325,14.3725,14.2175,,,,,,
2005-12-14 00:00:00,,,,14.195,14.485,14.1825,,,,0,4,7
2005-12-15 00:00:00,,,,14.3125,14.3125,14.0675,,,,,,
2005-12-16 00:00:00,,,,14.2175,14.23,13.9825,,,,,,
2005-12-19 00:00:00,,,,14.0275,14.0625,13.935,,,,,,
2005-12-20 00:00:00,,,,13.9575,14.03,13.84,,,,0,4,8
2005-12-21 00:00:00,,,,14,14.1075,13.925,,,,0,4,8
2005-12-22 00:00:00,,,,14.0625,14.0625,13.88,,,,,,
2005-12-23 00:00:00,,,,14.065,14.13,14,,,,,,
2005-12-27 00:00:00,,,,13.9875,14.05,13.95,,,,,,
2005-12-28 00:00:00,,,,14.0075,14.04,13.8875,,,,,,
2005-12-29 00:00:00,,,,13.925,14.0125,13.8775,,,,,,
2005-12-30 00:00:00,,,,13.895,13.9175,13.78,,,,,,
2006-01-03 00:00:00,,,,13.86,13.86,13.56,,,,0,3,8
2006-01-04 00:00:00,,,,13.775,13.7825,13.6425,,,,,,
2006-01-05 00:00:00,,,,13.7075,13.8475,13.705,,,,,,
2006-01-06 00:00:00,,,,13.8625,13.9875,13.7725,,,,,,
2006-01-09 00:00:00,,,,14,14.5875,14,,,,,,
2006-01-10 00:00:00,,,,14.455,14.5,14.23,,,,0,3,8
2006-01-11 00:00:00,,,,14.335,14.4325,14.115,,,,,,
2006-01-12 00:00:00,,,,14.1475,14.265,14.1425,,,,,,
2006-01-13 00:00:00,,,,14.1675,14.225,14.0075,,,,,,
2006-01-17 00:00:00,,,,14.1,14.1,13.88,,,,,,
2006-01-18 00:00:00,,,,13.85,14.0375,13.85,,,,,,
2006-01-19 00:00:00,,,,13.9625,13.9875,13.7675,,,,,,
2006-01-20 00:00:00,,,,13.925,14.005,13.8025,,,,,,
2006-01-23 00:00:00,,,,13.7875,13.8375,13.6375,,,,,,
2006-01-24 00:00:00,,,,13.6375,13.9075,13.6375,,,,,,
2006-01-25 00:00:00,,,,13.8125,13.9375,13.7975,,,,0,4,8
2006-01-26 00:00:00,,,,14,14.0725,13.9075,,,,,,
2006-01-27 00:00:00,,,,13.9,14.075,13.8975,,,,,,
2006-01-30 00:00:00,,,,13.975,14.0325,13.9225,,,,,,
2006-01-31 00:00:00,,,,13.96,13.965,13.8175,,,,,,
2006-02-01 00:00:00,,,,13.7675,13.975,13.7675,,,,,,
2006-02-02 00:00:00,,,,13.8575,13.8875,13.7625,,,,0,4,8
2006-02-03 00:00:00,,,,13.7375,13.93,13.7175,,,,0,4,8
2006-02-06 00:00:00,,,,13.865,13.89,13.7275,,,,,,
2006-02-07 00:00:00,,,,13.7375,13.9675,13.69,,,,,,
2006-02-08 00:00:00,,,,13.875,14.6675,13.8625,,,,0,4,8
2006-02-09 00:00:00,,,,14.5825,14.6425,14.2375,,,,0,3,8
2006-02-10 00:00:00,,,,14.2525,14.285,14.0875,,,,0,3,8
2006-02-13 00:00:00,,,,14.215,14.27,13.9375,,,,,,
2006-02-14 00:00:00,,,,14.17,14.23,13.9825,,,,,,
2006-02-15 00:00:00,,,,14.155,14.155,13.91,,,,,,
2006-02-16 00:00:00,,,,13.9925,14.0475,13.9725,,,,,,
2006-02-17 00:00:00,,,,13.9725,13.9725,13.795,,,,,,
2006-02-21 00:00:00,,,,13.82,13.8325,13.665,,,,,,
2006-02-22 00:00:00,,,,13.775,14.0675,13.765,,,,,,
2006-02-23 00:00:00,,,,13.9125,14.175,13.9,,,,,,
2006-02-24 00:00:00,,,,14,14.145,13.9275,,,,,,
2006-02-27 00:00:00,,,,14.1,14.135,13.7725,,,,,,
2006-02-28 00:00:00,,,,13.805,13.8725,13.6375,,,,,,
2006-03-01 00:00:00,,,,13.71,13.8,13.6525,,,,,,
2006-03-02 00:00:00,,,,13.6925,13.6975,13.5675,,,,,,
2006-03-03 00:00:00,,,,13.54,13.68,13.475,,,,,,
2006-03-06 00:00:00,,,,13.595,13.6325,13.5,,,,,,
2006-03-07 00:00:00,,,,13.5,13.585,13.435,,,,,,
2006-03-08 00:00:00,,,,13.425,13.505,13.405,,,,,,
2006-03-09 00:00:00,,,,13.4475,13.4625,13.3225,,,,,,
2006-03-10 00:00:00,,,,13.4125,13.6775,13.375,,,,,,
2006-03-13 00:00:00,,,,13.645,13.72,13.6175,,,,,,
2006-03-14 00:00:00,,,,13.4875,13.6025,13.48,,,,,,
2006-03-15 00:00:00,,,,13.5775,13.8575,13.5625,,,,,,
2006-03-16 00:00:00,,,,13.9,13.9625,13.805,,,,,,
2006-03-17 00:00:00,,,,13.9175,13.9675,13.82,,,,,,
2006-03-20 00:00:00,,,,13.9925,14.0475,13.895,,,,,,
2006-03-21 00:00:00,,,,13.9975,14.095,13.9725,,,,,,
2006-03-22 00:00:00,,,,14.065,14.175,14.0025,,,,,,
2006-03-23 00:00:00,,,,14.0925,14.13,14.04,,,,,,
2006-03-24 00:00:00,,,,14.04,14.045,13.915,,,,0,3,8
2006-03-27 00:00:00,,,,14.01,14.045,13.895,,,,,,
2006-03-28 00:00:00,,,,14.0175,14.17,13.955,,,,,,
2006-03-29 00:00:00,,,,14.125,14.125,14,,,,,,
2006-03-30 00:00:00,,,,14.1,14.2,14.035,,,,,,
2006-03-31 00:00:00,,,,14.21,14.28,14.17,,,,,,
2006-04-03 00:00:00,,,,14.2275,14.2875,14.165,,,,,,
2006-04-04 00:00:00,,,,14.1775,14.305,14.105,,,,,,
2006-04-05 00:00:00,,,,14.285,14.335,14.185,,,,,,
2006-04-06 00:00:00,,,,14.2175,14.4,14.19,,,,,,
2006-04-07 00:00:00,,,,14.4325,14.4925,14.275,,,,,,
2006-04-10 00:00:00,,,,14.3375,14.3625,14.23,,,,,,
2006-04-11 00:00:00,,,,14.2875,14.3175,14.14,,,,,,
2006-04-12 00:00:00,,,,14.235,14.235,14.125,,,,,,
2006-04-13 00:00:00,,,,14.065,14.1775,13.9975,,,,,,
2006-04-17 00:00:00,,,,15,15.37,14.8675,,,,0,3,8
2006-04-18 00:00:00,,,,15.25,15.5475,15.19,,,,0,3,8
2006-04-19 00:00:00,,,,15.48,15.5875,15.375,,,,0,3,8
2006-04-20 00:00:00,,,,15.51,15.5775,15.3725,,,,,,
2006-04-21 00:00:00,,,,15.5775,15.5925,15.46,,,,,,
2006-04-24 00:00:00,,,,15.5425,15.79,15.4875,,,,0,3,8
2006-04-25 00:00:00,,,,15.7025,15.72,15.3525,,,,0,3,8
2006-04-26 00:00:00,,,,15.5675,15.8375,15.5675,,,,0,3,8
2006-04-27 00:00:00,,,,15.6975,15.705,15.4975,,,,0,3,8
2006-04-28 00:00:00,,,,15,15.3875,15,,,,,,
2006-05-01 00:00:00,,,,15.3,15.4125,15.2425,,,,,,
2006-05-02 00:00:00,,,,15.4375,15.4375,15.25,,,,,,
2006-05-03 00:00:00,,,,15.47,15.5,15.405,,,,,,
2006-05-04 00:00:00,,,,15.4,15.5625,15.4,,,,,,
2006-05-05 00:00:00,,,,15.5575,15.615,15.4175,,,,,,
2006-05-08 00:00:00,,,,15.6975,15.785,15.645,,,,,,
2006-05-09 00:00:00,,,,15.7825,15.7825,15.62,,,,,,
2006-05-10 00:00:00,,,,15.6675,15.72,15.5,,,,,,
2006-05-11 00:00:00,,,,15.5875,15.625,15.375,,,,,,
2006-05-12 00:00:00,,,,15.465,15.465,15.1,,,,,,
2006-05-15 00:00:00,,,,15.29,15.3475,15.1425,,,,,,
2006-05-16 00:00:00,,,,15.75,15.75,15.4,,,,0,3,8
2006-05-17 00:00:00,,,,15.4525,15.465,15.29,,,,,,
2006-05-18 00:00:00,,,,15.4,15.5725,15.35,,,,,,
2006-05-19 00:00:00,,,,15.5675,15.625,15.5,,,,,,
2006-05-22 00:00:00,,,,15.59,15.6325,15.4275,,,,,,
2006-05-23 00:00:00,,,,15.585,15.7975,15.585,,,,,,
2006-05-24 00:00:00,,,,15.71,15.7875,15.66,,,,,,
2006-05-25 00:00:00,,,,15.745,15.8,15.4675,,,,,,
2006-05-26 00:00:00,,,,15.625,15.8125,15.625,,,,,,
2006-05-30 00:00:00,,,,15.77,15.7875,15.5375,,,,,,
2006-05-31 00:00:00,,,,15.555,15.7725,15.5125,,,,,,
2006-06-01 00:00:00,,,,15.71,16.18,15.7025,,,,,,
2006-06-02 00:00:00,,,,16.1775,16.225,15.96,,,,,,
2006-06-05 00:00:00,,,,16.0175,16.1275,15.8075,,,,,,
2006-06-06 00:00:00,,,,15.81,16.1225,15.81,,,,,,
2006-06-07 00:00:00,,,,16.0525,16.1725,16.025,,,,,,
2006-06-08 00:00:00,,,,16.0775,16.1775,15.74,,,,,,
2006-06-09 00:00:00,,,,16.1275,16.2725,16.065,,,,,,
2006-06-12 00:00:00,,,,16.1875,16.1925,15.8825,,,,,,
2006-06-13 00:00:00,,,,15.875,15.8975,15.6275,,,,,,
2006-06-14 00:00:00,,,,15.5775,15.71,15.5575,,,,,,
2006-06-15 00:00:00,,,,15.75,16.1075,15.75,,,,,,
2006-06-16 00:00:00,,,,16.155,16.6475,16.155,,,,0,4,7
2006-06-19 00:00:00,,,,16.38,16.42,16.185,,,,,,
2006-06-20 00:00:00,,,,16.2925,16.4975,16.2925,,,,0,4,7
2006-06-21 00:00:00,,,,16.3925,16.655,16.385,,,,0,4,7
2006-06-22 00:00:00,,,,16.49,16.5275,16.3125,,,,,,
2006-06-23 00:00:00,,,,16.415,16.505,16.305,,,,,,
2006-06-26 00:00:00,,,,16.4725,16.645,16.47,,,,,,
2006-06-27 00:00:00,,,,16.5825,16.63,16.3775,,,,,,
2006-06-28 00:00:00,,,,16.475,16.5,16.315,,,,0,5,7
2006-06-29 00:00:00,,,,16.6575,16.88,16.5525,,,,,,
2006-06-30 00:00:00,,,,16.8525,16.9925,16.8525,,,,,,
2006-07-03 00:00:00,,,,17.025,17.0425,16.8,,,,,,
2006-07-05 00:00:00,,,,16.875,17,16.69,,,,,,
2006-07-06 00:00:00,,,,16.9875,17,16.85,,,,,,
2006-07-07 00:00:00,,,,16.94,17.0575,16.8525,,,,0,5,7
2006-07-10 00:00:00,,,,16.9125,16.9825,16.745,,,,,,
2006-07-11 00:00:00,,,,16.8225,16.8275,16.5675,,,,,,
2006-07-12 00:00:00,,,,16.7975,16.8775,16.505,,,,,,
2006-07-13 00:00:00,,,,16.5475,16.5475,16.2975,,,,,,
2006-07-14 00:00:00,,,,16.3225,16.3575,15.82,,,,,,
2006-07-17 00:00:00,,,,15.93,16.475,15.93,,,,0,5,7
2006-07-18 00:00:00,,,,16.0975,16.18,15.54,,,,0,4,8
2006-07-19 00:00:00,,,,16.725,17.145,16.6025,,,,0,4,8
2006-07-20 00:00:00,,,,16.95,17.1525,16.7225,,,,0,4,8
2006-07-21 00:00:00,,,,16.9975,17.0325,16.8,,,,,,
2006-07-24 00:00:00,,,,16.9375,17.32,16.9375,,,,,,
2006-07-25 00:00:00,,,,17.1275,17.51,17.065,,,,,,
2006-07-26 00:00:00,,,,17.475,17.475,16.925,,,,,,
2006-07-27 00:00:00,,,,17.125,17.125,16.68,,,,,,
2006-07-28 00:00:00,,,,16.9375,17.105,16.845,,,,,,
2006-07-31 00:00:00,,,,17.12,17.12,16.9025,,,,0,4,8
2006-08-01 00:00:00,,,,16.8675,16.93,16.6525,,,,,,
2006-08-02 00:00:00,,,,16.925,16.95,16.7825,,,,,,
2006-08-03 00:00:00,,,,16.8775,17.2975,16.8525,,,,,,
2006-08-04 00:00:00,,,,17.275,17.5,17.175,,,,,,
2006-08-07 00:00:00,,,,17.3275,17.3425,17.12,,,,,,
2006-08-08 00:00:00,,,,17.3625,17.5,17.1975,,,,,,
2006-08-09 00:00:00,,,,17.25,17.25,16.6725,,,,,,
2006-08-10 00:00:00,,,,16.6475,16.9625,16.57,,,,,,
2006-08-11 00:00:00,,,,16.88,16.91,16.7025,,,,,,
2006-08-14 00:00:00,,,,16.9375,17.18,16.865,,,,,,
2006-08-15 00:00:00,,,,17.0025,17.36,16.9825,,,,,,
2006-08-16 00:00:00,,,,17.4,17.5375,17.24,,,,,,
2006-08-17 00:00:00,,,,17.4025,17.42,17.185,,,,,,
2006-08-18 00:00:00,,,,17.2925,17.41,17.21,,,,,,
2006-08-21 00:00:00,,,,17.4325,17.4325,17.1575,,,,,,
2006-08-22 00:00:00,,,,17.375,17.5075,17.28,,,,0,4,8
2006-08-23 00:00:00,,,,17.4325,17.4325,16.9575,,,,,,
2006-08-24 00:00:00,,,,17.185,17.185,16.815,,,,,,
2006-08-25 00:00:00,,,,16.9525,16.9775,16.795,,,,,,
2006-08-28 00:00:00,,,,16.9525,17.23,16.9025,,,,,,
2006-08-29 00:00:00,,,,17.195,17.55,17.1725,,,,,,
2006-08-30 00:00:00,,,,17.5875,17.5875,17.3175,,,,,,
2006-08-31 00:00:00,,,,17.445,17.5,17.3725,,,,,,
2006-09-01 00:00:00,,,,17.5,17.75,17.495,,,,,,
2006-09-05 00:00:00,,,,17.555,17.65,17.395,,,,,,
2006-09-06 00:00:00,,,,17.455,17.565,17.345,,,,,,
2006-09-07 00:00:00,,,,17.4475,17.56,17.2625,,,,,,
2006-09-08 00:00:00,,,,17.5625,17.8625,17.5125,,,,,,
2006-09-11 00:00:00,,,,17.855,18.2125,17.775,,,,,,
2006-09-12 00:00:00,,,,18.1175,18.63,18.1175,,,,,,
2006-09-13 00:00:00,,,,18.59,18.615,18.375,,,,,,
2006-09-14 00:00:00,,,,18.475,18.48,18.3225,,,,,,
2006-09-15 00:00:00,,,,18.61,18.65,18.3525,,,,,,
2006-09-18 00:00:00,,,,18.5,18.575,18.4,,,,,,
2006-09-19 00:00:00,,,,18.4875,18.4875,18.2525,,,,,,
2006-09-20 00:00:00,,,,18.375,18.51,18.3725,,,,,,
2006-09-21 00:00:00,,,,18.4575,18.625,18.3325,,,,,,
2006-09-22 00:00:00,,,,18.55,18.565,18.3275,,,,,,
2006-09-25 00:00:00,,,,18.455,18.455,18.1175,,,,,,
2006-09-26 00:00:00,,,,18.375,18.6475,18.375,,,,0,4,8
2006-09-27 00:00:00,,,,18.6275,18.79,18.6125,,,,0,4,8
2006-09-28 00:00:00,,,,18.7525,18.83,18.595,,,,,,
2006-09-29 00:00:00,,,,18.6575,18.6575,18.2375,,,,,,
2006-10-02 00:00:00,,,,18.3,18.5,18.25,,,,,,
2006-10-03 00:00:00,,,,18.56,18.7275,18.455,,,,,,
2006-10-04 00:00:00,,,,18.5675,18.7375,18.55,,,,,,
2006-10-05 00:00:00,,,,18.5875,18.6325,18.5075,,,,,,
2006-10-06 00:00:00,,,,18.55,18.67,18.5125,,,,,,
2006-10-09 00:00:00,,,,18.4675,18.9625,18.4075,,,,0,4,8
2006-10-10 00:00:00,,,,18.8875,18.925,18.7825,,,,,,
2006-10-11 00:00:00,,,,18.9375,19.06,18.8925,,,,,,
2006-10-12 00:00:00,,,,19,19.0275,18.84,,,,,,
2006-10-13 00:00:00,,,,18.965,19.0025,18.855,,,,0,4,8
2006-10-16 00:00:00,,,,18.945,19.04,18.9225,,,,0,4,8
2006-10-17 00:00:00,,,,18.9775,19.01,18.8025,,,,,,
2006-10-18 00:00:00,,,,19.0175,19.0975,18.8875,,,,0,4,8
2006-10-19 00:00:00,,,,19.11,19.11,18.855,,,,0,4,8
2006-10-20 00:00:00,,,,19.04,19.16,18.6475,,,,0,4,8
2006-10-23 00:00:00,,,,18.725,18.805,18.7175,,,,0,4,8
2006-10-24 00:00:00,,,,18.625,18.7625,18.58,,,,0,4,8
2006-10-25 00:00:00,,,,18.61,18.7,18.435,,,,,,
2006-10-26 00:00:00,,,,18.63,18.92,18.5775,,,,,,
2006-10-27 00:00:00,,,,18.7775,18.8975,18.5975,,,,,,
2006-10-30 00:00:00,,,,18.66,19.18,18.605,,,,,,
2006-10-31 00:00:00,,,,19,19.0475,18.8725,,,,0,4,8
2006-11-01 00:00:00,,,,19.05,19.1675,18.9125,,,,,,
2006-11-02 00:00:00,,,,18.8225,19.0125,18.76,,,,,,
2006-11-03 00:00:00,,,,18.935,18.95,18.705,,,,,,
2006-11-06 00:00:00,,,,18.84,19.35,18.825,,,,,,
2006-11-07 00:00:00,,,,19.23,19.46,19.1775,,,,,,
2006-11-08 00:00:00,,,,19.1875,19.2525,19.115,,,,,,
2006-11-09 00:00:00,,,,19.2725,19.28,19.0675,,,,,,
2006-11-10 00:00:00,,,,19.24,19.295,19.0875,,,,,,
2006-11-13 00:00:00,,,,19.25,19.3875,19.015,,,,,,
2006-11-14 00:00:00,,,,19.2,19.425,19.035,,,,,,
2006-11-15 00:00:00,,,,19.3375,19.555,19.295,,,,,,
2006-11-16 00:00:00,,,,19.38,19.525,19.3175,,,,0,4,8
2006-11-17 00:00:00,,,,19.3575,19.3975,19.1875,,,,0,3,8
2006-11-20 00:00:00,,,,19.3125,19.3125,19.0575,,,,,,
2006-11-21 00:00:00,,,,19.1775,19.2775,19.1075,,,,0,3,8
2006-11-22 00:00:00,,,,19.225,19.2675,19.0575,,,,0,3,7
2006-11-24 00:00:00,,,,19.135,19.23,18.955,,,,,,
2006-11-27 00:00:00,,,,19.12,19.2575,19.065,,,,,,
2006-11-28 00:00:00,,,,19.155,19.2475,19.0325,,,,0,4,7
2006-11-29 00:00:00,,,,19.1675,19.42,19.1625,,,,,,
2006-11-30 00:00:00,,,,19.4275,19.6775,19.3075,,,,,,
2006-12-01 00:00:00,,,,19.5475,19.65,19.23,,,,,,
2006-12-04 00:00:00,,,,19.57,19.7975,19.505,,,,,,
2006-12-05 00:00:00,,,,19.81,19.9525,19.6575,,,,0,5,7
2006-12-06 00:00:00,,,,19.8,19.8575,19.71,,,,,,
2006-12-07 00:00:00,,,,19.81,19.895,19.7225,,,,,,
2006-12-08 00:00:00,,,,19.85,19.9675,19.74,,,,,,
2006-12-11 00:00:00,,,,19.85,20.02,19.78,,,,,,
2006-12-12 00:00:00,,,,20.025,20.185,19.955,,,,,,
2006-12-13 00:00:00,,,,20.155,20.25,20.0625,,,,,,
2006-12-14 00:00:00,,,,20.19,20.6725,20.1225,,,,,,
2006-12-15 00:00:00,,,,20.75,20.775,20.605,,,,,,
2006-12-18 00:00:00,,,,20.67,20.7175,20.365,,,,,,
2006-12-19 00:00:00,,,,20.45,20.5975,20.4,,,,,,
2006-12-20 00:00:00,,,,20.5375,20.65,20.5125,,,,0,5,7
2006-12-21 00:00:00,,,,20.67,20.6775,20.465,,,,,,
2006-12-22 00:00:00,,,,20.495,20.6325,20.3425,,,,0,5,7
2006-12-26 00:00:00,,,,20.6,20.6,20.3775,,,,,,
2006-12-27 00:00:00,,,,20.56,20.6225,20.4775,,,,,,
2006-12-28 00:00:00,,,,20.505,20.625,20.48,,,,,,
2006-12-29 00:00:00,,,,20.475,20.61,20.46,,,,,,
2007-01-03 00:00:00,,,,20.57,20.8175,20.2275,,,,,,
2007-01-04 00:00:00,,,,20.5325,20.6075,20.39,,,,,,
2007-01-05 00:00:00,,,,20.4975,20.5275,20.375,,,,0,5,7
2007-01-08 00:00:00,,,,20.44,20.465,20.1525,,,,,,
2007-01-09 00:00:00,,,,20.375,20.575,20.2725,,,,0,5,7
2007-01-10 00:00:00,,,,20.4775,20.4775,20.295,,,,,,
2007-01-11 00:00:00,,,,20.3825,20.4975,20.295,,,,0,5,7
2007-01-12 00:00:00,,,,20.335,20.345,20.165,,,,,,
2007-01-16 00:00:00,,,,20.265,20.37,20.2325,,,,,,
2007-01-17 00:00:00,,,,20.3825,20.6475,20.32,,,,,,
2007-01-18 00:00:00,,,,20.585,20.6525,20.39,,,,,,
2007-01-19 00:00:00,,,,20.465,20.465,20.1975,,,,0,5,8
2007-01-22 00:00:00,,,,20.285,20.285,20.0375,,,,,,
2007-01-23 00:00:00,,,,19.5,19.59,18.9425,,,,0,5,8
2007-01-24 00:00:00,,,,19.115,19.3425,19.005,,,,0,4,9
2007-01-25 00:00:00,,,,19.2375,19.25,18.635,,,,,,
2007-01-26 00:00:00,,,,18.625,18.625,18.3975,,,,0,4,9
2007-01-29 00:00:00,,,,18.425,18.685,18.4025,,,,,,
2007-01-30 00:00:00,,,,18.645,18.7975,18.6125,,,,,,
2007-01-31 00:00:00,,,,18.6925,19.03,18.5525,,,,,,
2007-02-01 00:00:00,,,,19.0475,19.2875,18.99,,,,,,
2007-02-02 00:00:00,,,,19.1825,19.1825,19.0175,,,,0,4,9
2007-02-05 00:00:00,,,,19.155,19.395,19.1,,,,,,
2007-02-06 00:00:00,,,,19.52,19.625,19.2125,,,,,,
2007-02-07 00:00:00,,,,19.05,19.2575,18.66,,,,0,4,9
2007-02-08 00:00:00,,,,19.1,19.2275,19.015,,,,,,
2007-02-09 00:00:00,,,,19.125,19.1725,18.865,,,,0,4,9
2007-02-12 00:00:00,,,,18.98,19.1075,18.765,,,,,,
2007-02-13 00:00:00,,,,19.1,19.3225,19.085,,,,,,
2007-02-14 00:00:00,,,,19.165,19.3225,19.1175,,,,,,
2007-02-15 00:00:00,,,,19.275,19.53,19.2625,,,,,,
2007-02-16 00:00:00,,,,19.275,19.395,19.1975,,,,,,
2007-02-20 00:00:00,,,,19.43,19.8,19.405,,,,,,
2007-02-21 00:00:00,,,,19.775,20.0775,19.76,,,,,,
2007-02-22 00:00:00,,,,20.045,20.2425,19.97,,,,,,
2007-02-23 00:00:00,,,,20.1225,20.2175,20.005,,,,,,
2007-02-26 00:00:00,,,,20.115,20.2,20.0075,,,,,,
2007-02-27 00:00:00,,,,20.0575,20.12,19.75,,,,,,
2007-02-28 00:00:00,,,,19.8225,19.995,19.6975,,,,0,4,9
2007-03-01 00:00:00,,,,19.8775,20.0225,19.52,,,,0,4,9
2007-03-02 00:00:00,,,,19.9025,19.9775,19.7875,,,,,,
2007-03-05 00:00:00,,,,19.7975,19.9825,19.66,,,,0,4,9
2007-03-06 00:00:00,,,,19.8875,20,19.8825,,,,,,
2007-03-07 00:00:00,,,,19.9375,19.9875,19.8725,,,,,,
2007-03-08 00:00:00,,,,20,20.1875,19.975,,,,,,
2007-03-09 00:00:00,,,,20.22,20.2475,20.165,,,,,,
2007-03-12 00:00:00,,,,20.2,20.2425,20.155,,,,,,
2007-03-13 00:00:00,,,,20.16,20.195,20.0475,,,,,,
2007-03-14 00:00:00,,,,20.18,20.3725,20.015,,,,,,
2007-03-15 00:00:00,,,,20.215,20.4975,20.1875,,,,,,
2007-03-16 00:00:00,,,,20.3225,20.3325,20.1675,,,,,,
2007-03-19 00:00:00,,,,20.225,20.3575,20.2,,,,,,
2007-03-20 00:00:00,,,,20.3475,20.415,20.28,,,,,,
2007-03-21 00:00:00,,,,20.365,20.52,20.25,,,,,,
2007-03-22 00:00:00,,,,20.5125,20.5775,20.435,,,,,,
2007-03-23 00:00:00,,,,20.55,20.7125,20.505,,,,,,
2007-03-26 00:00:00,,,,20.685,20.785,20.5425,,,,,,
2007-03-27 00:00:00,,,,20.68,20.6825,20.55,,,,,,
2007-03-28 00:00:00,,,,20.5525,20.6875,20.505,,,,,,
2007-03-29 00:00:00,,,,20.675,20.6875,20.46,,,,,,
2007-03-30 00:00:00,,,,20.5775,20.7325,20.5775,,,,,,
2007-04-02 00:00:00,,,,20.63,20.8675,20.63,,,,0,4,9
2007-04-03 00:00:00,,,,20.8625,21.1975,20.8525,,,,,,
2007-04-04 00:00:00,,,,21.1,21.4775,21.055,,,,,,
2007-04-05 00:00:00,,,,21.415,21.4975,21.3725,,,,,,
2007-04-09 00:00:00,,,,21.445,21.4725,21.3025,,,,,,
2007-04-10 00:00:00,,,,21.375,21.4925,21.3125,,,,,,
2007-04-11 00:00:00,,,,21.41,21.465,21.26,,,,,,
2007-04-12 00:00:00,,,,21.235,21.565,20.9775,,,,,,
2007-04-13 00:00:00,,,,21.5625,21.5625,21.26,,,,,,
2007-04-16 00:00:00,,,,21.3925,21.5675,21.355,,,,,,
2007-04-17 00:00:00,,,,21.475,21.5625,21.35,,,,,,
2007-04-18 00:00:00,,,,21.375,21.4325,21.255,,,,,,
2007-04-19 00:00:00,,,,21.25,21.315,21.1075,,,,0,4,9
2007-04-20 00:00:00,,,,21.25,21.4575,21.24,,,,,,
2007-04-23 00:00:00,,,,21.2325,21.5575,21.2325,,,,,,
2007-04-24 00:00:00,,,,21.3975,22.2825,21.0075,,,,0,4,9
2007-04-25 00:00:00,,,,22.25,22.2925,22.0325,,,,0,4,9
2007-04-26 00:00:00,,,,22.105,22.27,22.055,,,,,,
2007-04-27 00:00:00,,,,22.06,22.06,21.9125,,,,,,
2007-04-30 00:00:00,,,,21.9675,22.1125,21.9375,,,,,,
2007-05-01 00:00:00,,,,21.6,21.6,21.1025,,,,,,
2007-05-02 00:00:00,,,,21.5,21.6475,21.4575,,,,,,
2007-05-03 00:00:00,,,,21.615,21.65,21.37,,,,,,
2007-05-04 00:00:00,,,,21.6425,21.7125,21.5375,,,,,,
2007-05-07 00:00:00,,,,21.605,21.77,21.5975,,,,,,
2007-05-08 00:00:00,,,,21.66,21.695,21.5625,,,,,,
2007-05-09 00:00:00,,,,21.74,22.025,21.725,,,,,,
2007-05-10 00:00:00,,,,21.9975,22.1325,21.855,,,,,,
2007-05-11 00:00:00,,,,22.07,22.125,21.925,,,,,,
2007-05-14 00:00:00,,,,22.1125,22.21,22.075,,,,,,
2007-05-15 00:00:00,,,,22.16,22.3475,21.975,,,,,,
2007-05-16 00:00:00,,,,22.15,22.205,22.1125,,,,,,
2007-05-17 00:00:00,,,,22.17,22.5,22.17,,,,0,4,9
2007-05-18 00:00:00,,,,22.5,22.7475,22.44,,,,,,
2007-05-21 00:00:00,,,,22.635,22.8725,22.6025,,,,,,
2007-05-22 00:00:00,,,,22.725,23.225,22.725,,,,0,4,9
2007-05-23 00:00:00,,,,23.1225,23.32,23.0275,,,,,,
2007-05-24 00:00:00,,,,23.1675,23.25,22.9675,,,,,,
2007-05-25 00:00:00,,,,23.0225,23.1525,22.96,,,,,,
2007-05-29 00:00:00,,,,23.1025,23.22,23.0575,,,,,,
2007-05-30 00:00:00,,,,23.1375,23.3725,23.09,,,,,,
2007-05-31 00:00:00,,,,23.37,23.47,23.3325,,,,,,
2007-06-01 00:00:00,,,,23.495,23.61,23.4375,,,,,,
2007-06-04 00:00:00,,,,23.5,23.775,23.4425,,,,,,
2007-06-05 00:00:00,,,,23.6775,23.6875,23.4875,,,,,,
2007-06-06 00:00:00,,,,23.55,23.55,23.2425,,,,,,
2007-06-07 00:00:00,,,,23.23,23.3,22.93,,,,,,
2007-06-08 00:00:00,,,,22.9425,23.135,22.8,,,,,,
2007-06-11 00:00:00,,,,23.1,23.1375,22.9025,,,,,,
2007-06-12 00:00:00,,,,22.95,23.04,22.76,,,,,,
2007-06-13 00:00:00,,,,22.925,23.18,22.875,,,,,,
2007-06-14 00:00:00,,,,23.2525,23.3625,23.1825,,,,,,
2007-06-15 00:00:00,,,,23.35,23.4975,23.2925,,,,0,4,9
2007-06-18 00:00:00,,,,23.3475,23.445,23.3,,,,,,
2007-06-19 00:00:00,,,,23.3375,23.4875,23.2125,,,,,,
2007-06-20 00:00:00,,,,23.48,23.6225,23.1775,,,,,,
2007-06-21 00:00:00,,,,23.1775,23.2125,23.0225,,,,,,
2007-06-22 00:00:00,,,,22.965,23.0925,22.8275,,,,0,4,9
2007-06-25 00:00:00,,,,23.075,23.2525,22.8275,,,,,,
2007-06-26 00:00:00,,,,22.92,23.0475,22.7175,,,,,,
2007-06-27 00:00:00,,,,22.6875,23.185,22.6875,,,,,,
2007-06-28 00:00:00,,,,23.1225,23.27,22.9225,,,,,,
2007-06-29 00:00:00,,,,22.975,23.165,22.7825,,,,,,
2007-07-02 00:00:00,,,,22.945,23.0775,22.8975,,,,,,
2007-07-03 00:00:00,,,,23.1025,23.2025,23.0525,,,,,,
2007-07-05 00:00:00,,,,23.1875,23.275,23.0325,,,,,,
2007-07-06 00:00:00,,,,23.2575,23.4425,23.225,,,,,,
2007-07-09 00:00:00,,,,23.4525,23.4925,23.2425,,,,,,
2007-07-10 00:00:00,,,,23.25,23.2875,22.975,,,,,,
2007-07-11 00:00:00,,,,23.0875,23.3575,23.0075,,,,,,
2007-07-12 00:00:00,,,,23.47,23.7875,23.4325,,,,,,
2007-07-13 00:00:00,,,,23.6375,23.775,23.54,,,,0,4,10
2007-07-16 00:00:00,,,,23.6275,23.7025,23.585,,,,,,
2007-07-17 00:00:00,,,,23.675,24.04,23.675,,,,0,4,10
2007-07-18 00:00:00,,,,24,24.05,23.595,,,,0,4,10
2007-07-19 00:00:00,,,,23.5,23.5,22.6875,,,,0,4,10
2007-07-20 00:00:00,,,,22.89,23.0025,22.59,,,,0,4,10
2007-07-23 00:00:00,,,,22.715,22.7175,22.42,,,,,,
2007-07-24 00:00:00,,,,22.375,22.465,22.1325,,,,,,
2007-07-25 00:00:00,,,,22.22,22.2675,21.8375,,,,,,
2007-07-26 00:00:00,,,,21.9325,22,21.3925,,,,,,
2007-07-27 00:00:00,,,,21.7325,21.8525,21.5175,,,,0,4,10
2007-07-30 00:00:00,,,,21.475,21.875,21.3175,,,,,,
2007-07-31 00:00:00,,,,21.9125,21.985,21.43,,,,,,
2007-08-01 00:00:00,,,,21.445,21.6525,21.155,,,,,,
2007-08-02 00:00:00,,,,21.665,21.8475,21.58,,,,,,
2007-08-03 00:00:00,,,,21.845,22.165,21.6175,,,,,,
2007-08-06 00:00:00,,,,21.7175,22.3325,21.495,,,,,,
2007-08-07 00:00:00,,,,22.165,23.305,22.115,,,,,,
2007-08-08 00:00:00,,,,23.25,23.435,23.0525,,,,,,
2007-08-09 00:00:00,,,,23.0325,23.205,22.6025,,,,,,
2007-08-10 00:00:00,,,,22.4375,22.7675,22.2,,,,,,
2007-08-13 00:00:00,,,,22.325,22.575,21.96,,,,,,
2007-08-14 00:00:00,,,,21.915,22.09,21.235,,,,,,
2007-08-15 00:00:00,,,,21.0975,21.1225,20.3675,,,,,,
2007-08-16 00:00:00,,,,20.075,20.285,19.62,,,,,,
2007-08-17 00:00:00,,,,20.7,21.04,20.1975,,,,,,
2007-08-20 00:00:00,,,,20.6275,20.83,20.4125,,,,,,
2007-08-21 00:00:00,,,,20.5875,20.85,20.4875,,,,,,
2007-08-22 00:00:00,,,,20.755,20.8125,20.3375,,,,,,
2007-08-23 00:00:00,,,,20.545,20.7225,20.4725,,,,,,
2007-08-24 00:00:00,,,,20.625,20.66,20.49,,,,,,
2007-08-27 00:00:00,,,,20.6,20.6,20.335,,,,,,
2007-08-28 00:00:00,,,,20.1775,20.21,19.605,,,,0,4,10
2007-08-29 00:00:00,,,,19.705,20.1075,19.6775,,,,,,
2007-08-30 00:00:00,,,,19.9125,20.0225,19.745,,,,,,
2007-08-31 00:00:00,,,,20,20.1,19.8925,,,,,,
2007-09-04 00:00:00,,,,20.0325,20.64,19.9475,,,,,,
2007-09-05 00:00:00,,,,20.35,20.4125,20.0125,,,,,,
2007-09-06 00:00:00,,,,20.275,20.625,20.16,,,,,,
2007-09-07 00:00:00,,,,20.1625,20.3,20,,,,,,
2007-09-10 00:00:00,,,,20.1325,20.1625,19.5675,,,,,,
2007-09-11 00:00:00,,,,19.925,20.315,19.8,,,,,,
2007-09-12 00:00:00,,,,20.17,20.4775,20.0325,,,,0,4,10
2007-09-13 00:00:00,,,,20.3775,20.48,20.135,,,,,,
2007-09-14 00:00:00,,,,20.31,20.4825,20.115,,,,,,
2007-09-17 00:00:00,,,,20.345,20.35,20.13,,,,,,
2007-09-18 00:00:00,,,,20.2625,21.155,20.225,,,,,,
2007-09-19 00:00:00,,,,21.3325,22.2525,21.3325,,,,,,
2007-09-20 00:00:00,,,,21.5375,21.625,21.1075,,,,,,
2007-09-21 00:00:00,,,,21.3575,21.3625,20.93,,,,,,
2007-09-24 00:00:00,,,,21,21.145,20.6275,,,,,,
2007-09-25 00:00:00,,,,20.6125,20.6525,20.1625,,,,,,
2007-09-26 00:00:00,,,,20.485,20.55,20.1775,,,,,,
2007-09-27 00:00:00,,,,20.235,20.445,19.94,,,,,,
2007-09-28 00:00:00,,,,20.2275,20.4075,20.1175,,,,,,
2007-10-01 00:00:00,,,,20.1875,21.1125,20.1825,,,,,,
2007-10-02 00:00:00,,,,20.9725,21.11,20.9375,,,,,,
2007-10-03 00:00:00,,,,20.975,21.1825,20.96,,,,,,
2007-10-04 00:00:00,,,,21.1775,21.1775,20.705,,,,,,
2007-10-05 00:00:00,,,,20.925,21.15,20.925,,,,,,
2007-10-08 00:00:00,,,,21.0725,21.0975,20.85,,,,,,
2007-10-09 00:00:00,,,,20.975,20.975,20.5325,,,,,,
2007-10-10 00:00:00,,,,20.7375,20.85,20.605,,,,,,
2007-10-11 00:00:00,,,,20.625,20.63,19.905,,,,,,
2007-10-12 00:00:00,,,,19.9825,20.08,19.7725,,,,,,
2007-10-15 00:00:00,,,,19.7725,19.8175,19.3475,,,,0,4,10
2007-10-16 00:00:00,,,,19.41,20.3625,19.4025,,,,,,
2007-10-17 00:00:00,,,,20.285,20.53,19.51,,,,0,4,10
2007-10-18 00:00:00,,,,19.875,21.5,19.3975,,,,0,4,10
2007-10-19 00:00:00,,,,20.625,21.0225,20.4825,,,,0,5,9
2007-10-22 00:00:00,,,,20.74,21.1275,20.71,,,,,,
2007-10-23 00:00:00,,,,21.105,21.13,20.25,,,,,,
2007-10-24 00:00:00,,,,20.2925,20.655,20.165,,,,,,
2007-10-25 00:00:00,,,,20.75,21.1125,20.58,,,,0,5,9
2007-10-26 00:00:00,,,,21.1675,21.1675,20.825,,,,,,
2007-10-29 00:00:00,,,,20.9825,21.3575,20.95,,,,,,
2007-10-30 00:00:00,,,,21.125,21.7075,21.0675,,,,,,
2007-10-31 00:00:00,,,,21.3675,21.8275,21.255,,,,,,
2007-11-01 00:00:00,,,,21.675,21.675,20.8975,,,,,,
2007-11-02 00:00:00,,,,20.9325,21.085,20.655,,,,,,
2007-11-05 00:00:00,,,,20.6825,20.7175,20.15,,,,,,
2007-11-06 00:00:00,,,,20.3625,20.505,20.0425,,,,,,
2007-11-07 00:00:00,,,,20.33,20.3825,19.9375,,,,0,4,9
2007-11-08 00:00:00,,,,20.0575,20.1375,19.3275,,,,,,
2007-11-09 00:00:00,,,,19.75,20.2125,19.5275,,,,,,
2007-11-12 00:00:00,,,,19.9425,20.555,19.935,,,,,,
2007-11-13 00:00:00,,,,20.25,20.71,20.235,,,,,,
2007-11-14 00:00:00,,,,20.75,20.9075,20.47,,,,,,
2007-11-15 00:00:00,,,,20.41,20.515,19.6025,,,,,,
2007-11-16 00:00:00,,,,19.81,19.81,19.015,,,,,,
2007-11-19 00:00:00,,,,19.1925,19.2375,18.6125,,,,,,
2007-11-20 00:00:00,,,,18.71,19.26,18.5475,,,,,,
2007-11-21 00:00:00,,,,18.7075,18.9025,18.4625,,,,,,
2007-11-23 00:00:00,,,,18.58,18.8375,18.4625,,,,,,
2007-11-26 00:00:00,,,,18.9125,19.2625,18.38,,,,,,
2007-11-27 00:00:00,,,,18.455,18.7625,18.2225,,,,,,
2007-11-28 00:00:00,,,,18.67,18.84,18.4275,,,,,,
2007-11-29 00:00:00,,,,18.7525,18.775,18.3075,,,,,,
2007-11-30 00:00:00,,,,18.6925,19.0425,18.595,,,,0,3,9
2007-12-03 00:00:00,,,,18.735,18.855,18.495,,,,,,
2007-12-04 00:00:00,,,,18.35,18.4475,18.015,,,,,,
2007-12-05 00:00:00,,,,18.195,18.4075,18.04,,,,,,
2007-12-06 00:00:00,,,,18.1,18.3375,18.0575,,,,0,3,9
2007-12-07 00:00:00,,,,18.3825,18.445,17.945,,,,,,
2007-12-10 00:00:00,,,,17.9725,18.2125,17.945,,,,,,
2007-12-11 00:00:00,,,,18.0425,18.5425,17.8325,,,,,,
2007-12-12 00:00:00,,,,18.2375,18.2875,17.6575,,,,,,
2007-12-13 00:00:00,,,,17.8975,17.8975,17.515,,,,,,
2007-12-14 00:00:00,,,,17.635,17.6775,17.4175,,,,,,
2007-12-17 00:00:00,,,,17.485,17.565,17.225,,,,,,
2007-12-18 00:00:00,,,,17.35,17.5,17.175,,,,,,
2007-12-19 00:00:00,,,,17.4275,18.9925,17.0375,,,,,,
2007-12-20 00:00:00,,,,18.8875,18.9225,18.1375,,,,0,3,9
2007-12-21 00:00:00,,,,18.505,18.6525,18.25,,,,,,
2007-12-24 00:00:00,,,,18.395,18.6025,18.3,,,,,,
2007-12-26 00:00:00,,,,18.3775,18.385,18.0125,,,,,,
2007-12-27 00:00:00,,,,18.1025,18.14,17.6125,,,,,,
2007-12-28 00:00:00,,,,17.9375,17.9425,17.415,,,,,,
2007-12-31 00:00:00,,,,17.4225,17.4225,17.1325,,,,,,
2008-01-02 00:00:00,,,,17.1025,17.285,16.875,,,,,,
2008-01-03 00:00:00,,,,17.0675,17.1425,16.61,,,,0,3,9
2008-01-04 00:00:00,,,,16.5,16.52,15.92,,,,,,
2008-01-07 00:00:00,,,,15.9825,16.6875,15.955,,,,0,3,9
2008-01-08 00:00:00,,,,16.5675,16.66,16.1,,,,,,
2008-01-09 00:00:00,,,,16.5,17.47,16.5,,,,0,4,8
2008-01-10 00:00:00,,,,17.0025,17.8625,16.91,,,,0,4,8
2008-01-11 00:00:00,,,,17.6125,18.27,17.37,,,,,,
2008-01-14 00:00:00,,,,17.925,17.925,17.1525,,,,0,4,8
2008-01-15 00:00:00,,,,17.1525,17.1875,16.7325,,,,,,
2008-01-16 00:00:00,,,,16.8575,17.1375,16.7775,,,,,,
2008-01-17 00:00:00,,,,16.9775,16.9975,16.6125,,,,,,
2008-01-18 00:00:00,,,,16.655,17.1325,16.6375,,,,0,4,8
2008-01-22 00:00:00,,,,17.045,18.3375,16.9425,,,,0,4,7
2008-01-23 00:00:00,,,,17.65,18.9175,17.4525,,,,,,
2008-01-24 00:00:00,,,,18.8925,19.1025,18.535,,,,0,5,7
2008-01-25 00:00:00,,,,18.6425,19.0125,18.4025,,,,,,
2008-01-28 00:00:00,,,,18.4625,18.8625,18.2675,,,,,,
2008-01-29 00:00:00,,,,18.7875,19.02,18.335,,,,,,
2008-01-30 00:00:00,,,,18.98,19.36,18.83,,,,,,
2008-01-31 00:00:00,,,,18.5675,19.5725,18.5,,,,0,5,7
2008-02-01 00:00:00,,,,19.3825,19.9425,19.235,,,,,,
2008-02-04 00:00:00,,,,19.8925,19.8925,19.05,,,,0,5,7
2008-02-05 00:00:00,,,,18.78,19.1375,18.4375,,,,0,5,7
2008-02-06 00:00:00,,,,18.975,19.545,18.875,,,,0,5,7
2008-02-07 00:00:00,,,,19.7375,20.27,19.6925,,,,,,
2008-02-08 00:00:00,,,,19.95,20.1075,19.605,,,,,,
2008-02-11 00:00:00,,,,19.8375,20.3525,19.7075,,,,,,
2008-02-12 00:00:00,,,,20.265,20.5975,20.2225,,,,,,
2008-02-13 00:00:00,,,,20.575,20.7725,20.335,,,,0,5,7
2008-02-14 00:00:00,,,,20.4625,20.4675,20.07,,,,0,5,7
2008-02-15 00:00:00,,,,20.0825,20.0875,19.6875,,,,,,
2008-02-19 00:00:00,,,,20.02,20.0375,19.5125,,,,,,
2008-02-20 00:00:00,,,,19.5,20.02,19.405,,,,,,
2008-02-21 00:00:00,,,,19.99,20.125,19.57,,,,,,
2008-02-22 00:00:00,,,,19.7,19.72,19.2725,,,,,,
2008-02-25 00:00:00,,,,19.66,19.6625,19.4325,,,,,,
2008-02-26 00:00:00,,,,19.5675,20.065,19.565,,,,,,
2008-02-27 00:00:00,,,,19.8875,20.0225,19.7925,,,,,,
2008-02-28 00:00:00,,,,19.7525,19.835,19.48,,,,,,
2008-02-29 00:00:00,,,,19.47,19.53,18.905,,,,,,
2008-03-03 00:00:00,,,,18.9175,19.0775,18.7525,,,,,,
2008-03-04 00:00:00,,,,18.8375,19.2425,18.805,,,,,,
2008-03-05 00:00:00,,,,19.13,19.4925,19.04,,,,,,
2008-03-06 00:00:00,,,,19.16,19.21,18.5025,,,,,,
2008-03-07 00:00:00,,,,18.4175,18.8525,18.4175,,,,0,5,7
2008-03-10 00:00:00,,,,18.5525,18.715,18.03,,,,,,
2008-03-11 00:00:00,,,,18.325,18.6525,18.0675,,,,,,
2008-03-12 00:00:00,,,,19.1375,19.6575,19.075,,,,0,6,6
2008-03-13 00:00:00,,,,19.25,19.5175,18.9025,,,,0,6,5
2008-03-14 00:00:00,,,,19.3925,19.4325,18.7625,,,,,,
2008-03-17 00:00:00,,,,18.84,19.3225,18.5625,,,,,,
2008-03-18 00:00:00,,,,19.3875,19.535,19.1,,,,,,
2008-03-19 00:00:00,,,,19.6225,19.7375,19.1575,,,,,,
2008-03-20 00:00:00,,,,19.1225,19.7425,19.0775,,,,,,
2008-03-24 00:00:00,,,,19.7825,19.925,19.6375,,,,,,
2008-03-25 00:00:00,,,,19.75,19.8775,19.495,,,,,,
2008-03-26 00:00:00,,,,19.7,19.785,19.4825,,,,,,
2008-03-27 00:00:00,,,,19.75,19.8775,19.5475,,,,0,6,5
2008-03-28 00:00:00,,,,19.3525,19.4,18.8875,,,,,,
2008-03-31 00:00:00,,,,18.8825,19.48,18.8825,,,,,,
2008-04-01 00:00:00,,,,19.73,19.82,19.6375,,,,,,
2008-04-02 00:00:00,,,,19.845,19.87,19.5475,,,,,,
2008-04-03 00:00:00,,,,19.5675,19.7675,19.44,,,,,,
2008-04-04 00:00:00,,,,19.81,19.81,19.5025,,,,,,
2008-04-07 00:00:00,,,,19.625,19.6375,19.3,,,,,,
2008-04-08 00:00:00,,,,19.3025,19.5675,19.2875,,,,,,
2008-04-09 00:00:00,,,,19.5475,19.6275,19.02,,,,0,7,5
2008-04-10 00:00:00,,,,19,19.285,18.9025,,,,,,
2008-04-11 00:00:00,,,,19.0375,19.2275,18.975,,,,,,
2008-04-14 00:00:00,,,,18.9375,19.09,18.825,,,,,,
2008-04-15 00:00:00,,,,19,19,18.74,,,,,,
2008-04-16 00:00:00,,,,18.9175,19.095,18.895,,,,,,
2008-04-17 00:00:00,,,,19.05,19.3525,18.9625,,,,0,7,5
2008-04-18 00:00:00,,,,19.6825,19.83,19.535,,,,0,7,5
2008-04-21 00:00:00,,,,19.645,19.705,19.475,,,,0,7,5
2008-04-22 00:00:00,,,,19.605,19.68,19.3625,,,,0,7,5
2008-04-23 00:00:00,,,,19.3125,19.3275,18.6375,,,,0,7,5
2008-04-24 00:00:00,,,,18.8725,18.895,18.225,,,,0,7,4
2008-04-25 00:00:00,,,,18.795,19.1275,18.795,,,,,,
2008-04-28 00:00:00,,,,19.1875,19.1875,18.8325,,,,,,
2008-04-29 00:00:00,,,,18.8575,19,18.81,,,,,,
2008-04-30 00:00:00,,,,18.8,18.975,18.5575,,,,,,
2008-05-01 00:00:00,,,,18.5825,19.3675,18.5775,,,,,,
2008-05-02 00:00:00,,,,19.35,19.465,19.2325,,,,,,
2008-05-05 00:00:00,,,,19.225,19.275,18.945,,,,,,
2008-05-06 00:00:00,,,,18.875,18.935,18.475,,,,,,
2008-05-07 00:00:00,,,,18.775,19.0375,18.635,,,,0,6,4
2008-05-08 00:00:00,,,,18.675,18.675,18.225,,,,,,
2008-05-09 00:00:00,,,,18.3,18.5475,18.1925,,,,0,6,4
2008-05-12 00:00:00,,,,18.5,18.9175,18.49,,,,,,
2008-05-13 00:00:00,,,,19.05,19.105,18.865,,,,,,
2008-05-14 00:00:00,,,,19.16,19.5,19.1575,,,,,,
2008-05-15 00:00:00,,,,19.4875,19.69,19.125,,,,,,
2008-05-16 00:00:00,,,,19.64,19.665,19.0375,,,,,,
2008-05-19 00:00:00,,,,19.34,19.38,19.1175,,,,,,
2008-05-20 00:00:00,,,,19.0225,19.0725,18.7075,,,,,,
2008-05-21 00:00:00,,,,18.8775,19.005,18.4,,,,,,
2008-05-22 00:00:00,,,,18.445,18.71,18.2975,,,,,,
2008-05-23 00:00:00,,,,18.535,18.535,18.315,,,,,,
2008-05-27 00:00:00,,,,18.465,19.065,18.465,,,,,,
2008-05-28 00:00:00,,,,19.09,19.4,19.09,,,,,,
2008-05-29 00:00:00,,,,19.16,19.4125,18.965,,,,,,
2008-05-30 00:00:00,,,,19.2225,19.2225,18.7025,,,,0,6,4
2008-06-02 00:00:00,,,,18.83,18.8875,18.42,,,,,,
2008-06-03 00:00:00,,,,18.6925,18.84,18.375,,,,,,
2008-06-04 00:00:00,,,,18.475,18.6475,18.29,,,,0,7,4
2008-06-05 00:00:00,,,,18.4725,18.7775,18.4075,,,,0,7,4
2008-06-06 00:00:00,,,,18.3925,18.48,18.195,,,,,,
2008-06-09 00:00:00,,,,18.1575,18.37,17.8175,,,,,,
2008-06-10 00:00:00,,,,17.75,18.1325,17.63,,,,,,
2008-06-11 00:00:00,,,,17.8775,17.93,17.3975,,,,0,7,4
2008-06-12 00:00:00,,,,17.5125,17.9025,17.4375,,,,0,7,4
2008-06-13 00:00:00,,,,17.66,18.2075,17.5825,,,,0,7,4
2008-06-16 00:00:00,,,,18.1975,18.385,18.1025,,,,,,
2008-06-17 00:00:00,,,,18.46,18.55,18.305,,,,,,
2008-06-18 00:00:00,,,,18.2325,18.3425,18.0275,,,,,,
2008-06-19 00:00:00,,,,18.0625,18.1475,17.745,,,,0,7,4
2008-06-20 00:00:00,,,,17.8875,17.93,17.36,,,,,,
2008-06-23 00:00:00,,,,17.7,18,17.6375,,,,,,
2008-06-24 00:00:00,,,,17.7975,18.1125,17.5225,,,,0,6,4
2008-06-25 00:00:00,,,,17.895,18.4725,17.8325,,,,0,6,4
2008-06-26 00:00:00,,,,17.925,18.4775,17.9225,,,,,,
2008-06-27 00:00:00,,,,18.475,18.475,17.9325,,,,,,
2008-06-30 00:00:00,,,,17.9125,18.0975,17.625,,,,0,6,4
2008-07-01 00:00:00,,,,18.125,18.835,17.875,,,,0,6,5
2008-07-02 00:00:00,,,,18.9975,19.345,18.7225,,,,,,
2008-07-03 00:00:00,,,,19.0675,19.0675,18.375,,,,0,6,5
2008-07-07 00:00:00,,,,18.6475,18.69,18.0775,,,,0,6,5
2008-07-08 00:00:00,,,,18.63,18.825,18.3225,,,,,,
2008-07-09 00:00:00,,,,18.81,18.9425,18.395,,,,0,6,5
2008-07-10 00:00:00,,,,18.3875,18.515,17.9175,,,,,,
2008-07-11 00:00:00,,,,17.81,17.9375,17.39,,,,,,
2008-07-14 00:00:00,,,,17.895,17.9325,17.31,,,,,,
2008-07-15 00:00:00,,,,17.235,17.855,17.0175,,,,0,6,5
2008-07-16 00:00:00,,,,17,18.3575,16.8375,,,,0,6,5
2008-07-17 00:00:00,,,,18.25,18.525,17.6075,,,,0,6,5
2008-07-18 00:00:00,,,,18.57,18.6125,18.02,,,,0,6,6
2008-07-21 00:00:00,,,,18.325,18.46,17.9725,,,,,,
2008-07-22 00:00:00,,,,18.2,18.6625,17.905,,,,,,
2008-07-23 00:00:00,,,,18.75,19.455,18.66,,,,,,
2008-07-24 00:00:00,,,,18.7825,19.0025,18.26,,,,0,6,6
2008-07-25 00:00:00,,,,18.4275,18.6,18.0075,,,,,,
2008-07-28 00:00:00,,,,18,18.0975,17.4875,,,,,,
2008-07-29 00:00:00,,,,17.655,18.0975,17.655,,,,,,
2008-07-30 00:00:00,,,,18.1225,18.3525,17.875,,,,,,
2008-07-31 00:00:00,,,,18.155,18.205,17.85,,,,,,
2008-08-01 00:00:00,,,,17.96,18.03,17.69,,,,,,
2008-08-04 00:00:00,,,,17.805,18.16,17.69,,,,,,
2008-08-05 00:00:00,,,,18.3575,18.615,18.15,,,,,,
2008-08-06 00:00:00,,,,18.4825,18.785,18.3125,,,,,,
2008-08-07 00:00:00,,,,18.545,18.6525,18.3575,,,,,,
2008-08-08 00:00:00,,,,18.555,19.5125,18.555,,,,,,
2008-08-11 00:00:00,,,,19.2525,20,19.235,,,,,,
2008-08-12 00:00:00,,,,19.665,19.9725,19.2925,,,,,,
2008-08-13 00:00:00,,,,19.385,19.39,18.735,,,,,,
2008-08-14 00:00:00,,,,19.1175,19.625,19.1175,,,,,,
2008-08-15 00:00:00,,,,19.2,19.5525,19.135,,,,0,6,6
2008-08-18 00:00:00,,,,19.5,19.59,19.1375,,,,0,6,6
2008-08-19 00:00:00,,,,19.01,19.2125,18.805,,,,,,
2008-08-20 00:00:00,,,,19.125,19.435,18.7375,,,,,,
2008-08-21 00:00:00,,,,19.115,19.3725,18.83,,,,,,
2008-08-22 00:00:00,,,,19.45,19.55,19.28,,,,,,
2008-08-25 00:00:00,,,,19.3425,19.4,18.9675,,,,,,
2008-08-26 00:00:00,,,,19.0675,19.24,18.9425,,,,,,
2008-08-27 00:00:00,,,,19.16,19.5175,19.1025,,,,0,6,5
2008-08-28 00:00:00,,,,19.5,19.865,19.4,,,,,,
2008-08-29 00:00:00,,,,19.79,20.03,19.7275,,,,,,
2008-09-02 00:00:00,,,,20.11,20.29,19.79,,,,0,7,4
2008-09-03 00:00:00,,,,20.2425,21.135,20.135,,,,,,
2008-09-04 00:00:00,,,,20.85,20.88,20.5,,,,,,
2008-09-05 00:00:00,,,,20.4425,20.4925,19.9475,,,,0,7,4
2008-09-08 00:00:00,,,,20.5975,20.95,20.5975,,,,,,
2008-09-09 00:00:00,,,,20.9675,21.1025,20.6375,,,,0,7,4
2008-09-10 00:00:00,,,,20.695,21.0125,20.5025,,,,,,
2008-09-11 00:00:00,,,,20.75,20.8825,20.3725,,,,,,
2008-09-12 00:00:00,,,,20.595,20.75,20.405,,,,,,
2008-09-15 00:00:00,,,,20.4375,21.0025,20.32,,,,,,
2008-09-16 00:00:00,,,,20.08,20.7975,20.0275,,,,,,
2008-09-17 00:00:00,,,,20.4875,20.6625,19.9575,,,,,,
2008-09-18 00:00:00,,,,20.25,20.4,19.315,,,,0,7,4
2008-09-19 00:00:00,,,,20.5625,20.95,20.2775,,,,,,
2008-09-22 00:00:00,,,,20.0375,20.16,19.6075,,,,0,6,5
2008-09-23 00:00:00,,,,19.8275,19.9475,18.895,,,,,,
2008-09-24 00:00:00,,,,19.1725,19.74,19.09,,,,0,6,5
2008-09-25 00:00:00,,,,19.58,20.2225,19.58,,,,,,
2008-09-26 00:00:00,,,,19.7175,20.0725,19.685,,,,,,
2008-09-29 00:00:00,,,,19.75,19.82,18.9825,,,,0,7,4
2008-09-30 00:00:00,,,,19.155,19.415,18.8575,,,,,,
2008-10-01 00:00:00,,,,19.2425,19.42,18.9125,,,,,,
2008-10-02 00:00:00,,,,19.035,19.1125,18.0875,,,,0,7,4
2008-10-03 00:00:00,,,,18.475,18.7175,18.025,,,,0,7,4
2008-10-06 00:00:00,,,,17.85,17.92,16.3725,,,,,,
2008-10-07 00:00:00,,,,17.415,17.565,16.385,,,,0,7,4
2008-10-08 00:00:00,,,,16.2625,16.63,15.7425,,,,0,7,4
2008-10-09 00:00:00,,,,15.83,15.925,14.425,,,,,,
2008-10-10 00:00:00,,,,14.25,16.3175,13.93,,,,0,7,4
2008-10-13 00:00:00,,,,15.975,15.975,15.1625,,,,0,7,4
2008-10-14 00:00:00,,,,15.9325,15.9325,14.3125,,,,0,7,4
2008-10-15 00:00:00,,,,14.4175,14.54,13.635,,,,0,7,4
2008-10-16 00:00:00,,,,13.74,14.7075,12.9275,,,,0,7,4
2008-10-17 00:00:00,,,,13.89,14.4475,13.305,,,,0,7,4
2008-10-20 00:00:00,,,,13.835,14.095,13.47,,,,0,7,4
2008-10-21 00:00:00,,,,13.6825,13.9975,13.51,,,,0,7,4
2008-10-22 00:00:00,,,,13.39,13.39,12.1625,,,,,,
2008-10-23 00:00:00,,,,12.5,12.9025,12.0675,,,,,,
2008-10-24 00:00:00,,,,11.575,12.08,11.4825,,,,,,
2008-10-27 00:00:00,,,,11.385,11.9825,11.3325,,,,,,
2008-10-28 00:00:00,,,,11.775,13.135,11.5675,,,,,,
2008-10-29 00:00:00,,,,13.095,14.49,12.845,,,,,,
2008-10-30 00:00:00,,,,14.3075,14.5825,13.49,,,,,,
2008-10-31 00:00:00,,,,13.635,13.9975,13.4375,,,,,,
2008-11-03 00:00:00,,,,14.0175,14.045,13.545,,,,,,
2008-11-04 00:00:00,,,,14.05,14.28,13.785,,,,0,6,4
2008-11-05 00:00:00,,,,14.135,14.235,13.615,,,,,,
2008-11-06 00:00:00,,,,13.565,13.6375,12.7925,,,,,,
2008-11-07 00:00:00,,,,13.05,13.2375,12.5925,,,,,,
2008-11-10 00:00:00,,,,13.1825,13.1825,12.4375,,,,,,
2008-11-11 00:00:00,,,,12.55,12.6825,12.065,,,,,,
2008-11-12 00:00:00,,,,12.055,12.075,11.6725,,,,,,
2008-11-13 00:00:00,,,,11.825,12.4975,11.07,,,,,,
2008-11-14 00:00:00,,,,12.3175,12.4225,11.66,,,,,,
2008-11-17 00:00:00,,,,11.625,11.8425,11.375,,,,,,
2008-11-18 00:00:00,,,,11.2425,11.365,10.6725,,,,0,6,4
2008-11-19 00:00:00,,,,11.2225,11.2775,9.8625,,,,0,6,4
2008-11-20 00:00:00,,,,9.9175,10.78,9.7125,,,,,,
2008-11-21 00:00:00,,,,10.1475,10.7175,9.8225,,,,,,
2008-11-24 00:00:00,,,,10.815,11.785,10.5825,,,,,,
2008-11-25 00:00:00,,,,11.8425,12.25,11.7075,,,,,,
2008-11-26 00:00:00,,,,11.805,13.0025,11.805,,,,,,
2008-11-28 00:00:00,,,,12.75,13.0725,12.5,,,,,,
2008-12-01 00:00:00,,,,12.79,12.805,11.8375,,,,,,
2008-12-02 00:00:00,,,,12.0175,12.405,11.7575,,,,,,
2008-12-03 00:00:00,,,,12.1125,13.1525,11.975,,,,,,
2008-12-04 00:00:00,,,,12.9,13.745,12.9,,,,,,
2008-12-05 00:00:00,,,,12.735,13.74,12.46,,,,,,
2008-12-08 00:00:00,,,,13.7625,14.3375,13.715,,,,0,6,4
2008-12-09 00:00:00,,,,13.8925,14.1825,13.3725,,,,,,
2008-12-10 00:00:00,,,,13.5725,13.7275,13.27,,,,,,
2008-12-11 00:00:00,,,,13.2175,13.4875,12.78,,,,,,
2008-12-12 00:00:00,,,,12.725,13.3375,12.66,,,,,,
2008-12-15 00:00:00,,,,13.265,13.3925,12.525,,,,0,6,4
2008-12-16 00:00:00,,,,12.8075,13.8675,12.8075,,,,,,
2008-12-17 00:00:00,,,,13.7025,14.3925,13.5875,,,,0,6,4
2008-12-18 00:00:00,,,,14.165,14.395,13.8225,,,,,,
2008-12-19 00:00:00,,,,14.055,14.34,13.765,,,,,,
2008-12-22 00:00:00,,,,14,14.04,13.11,,,,0,6,4
2008-12-23 00:00:00,,,,13.5675,13.7275,13.035,,,,0,6,4
2008-12-24 00:00:00,,,,13.2425,13.35,13.1075,,,,,,
2008-12-26 00:00:00,,,,13.4075,13.6475,13.355,,,,,,
2008-12-29 00:00:00,,,,13.68,13.68,13.1575,,,,0,6,4
2008-12-30 00:00:00,,,,13.51,13.545,13.0775,,,,,,
2008-12-31 00:00:00,,,,13.51,13.745,13.38,,,,,,
2009-01-01 00:00:00,,,,,,,,,,0,6,4
2009-01-02 00:00:00,,,,13.645,14.25,13.5875,,,,,,
2009-01-05 00:00:00,,,,14.1075,14.25,13.9,,,,,,
2009-01-06 00:00:00,,,,14.185,14.4925,14.045,,,,,,
2009-01-07 00:00:00,,,,13.9425,14.0775,13.6825,,,,,,
2009-01-08 00:00:00,,,,13.75,13.75,13.285,,,,0,6,4
2009-01-09 00:00:00,,,,13.6,13.66,12.95,,,,0,6,4
2009-01-12 00:00:00,,,,12.8475,12.8775,12.4975,,,,,,
2009-01-13 00:00:00,,,,12.645,12.87,12.495,,,,,,
2009-01-14 00:00:00,,,,12.4,13.58,12.355,,,,0,6,4
2009-01-15 00:00:00,,,,13.405,13.8425,13.2675,,,,0,6,4
2009-01-16 00:00:00,,,,13.915,14.12,13.5575,,,,0,6,4
2009-01-20 00:00:00,,,,13.85,13.85,13,,,,0,6,4
2009-01-21 00:00:00,,,,13.2525,13.6375,12.6525,,,,,,
2009-01-22 00:00:00,,,,13.515,13.9575,13.1775,,,,0,6,4
2009-01-23 00:00:00,,,,13.4725,13.965,13.315,,,,,,
2009-01-26 00:00:00,,,,13.595,14.25,13.595,,,,0,6,4
2009-01-27 00:00:00,,,,13.975,14.12,13.6925,,,,,,
2009-01-28 00:00:00,,,,14.3675,14.8875,14.2325,,,,,,
2009-01-29 00:00:00,,,,14.455,14.6675,14.1075,,,,,,
2009-01-30 00:00:00,,,,14.3,14.3,13.795,,,,,,
2009-02-02 00:00:00,,,,13.87,13.9975,13.47,,,,0,6,4
2009-02-03 00:00:00,,,,13.5675,14.19,13.5675,,,,,,
2009-02-04 00:00:00,,,,14.025,14.2675,13.7075,,,,,,
2009-02-05 00:00:00,,,,13.9,14.33,13.8525,,,,0,6,4
2009-02-06 00:00:00,,,,14.2675,14.995,14.2675,,,,,,
2009-02-09 00:00:00,,,,14.52,14.58,14.08,,,,,,
2009-02-10 00:00:00,,,,14.215,14.215,13.515,,,,0,6,4
2009-02-11 00:00:00,,,,13.9175,13.9175,13.0775,,,,0,6,4
2009-02-12 00:00:00,,,,13.3275,13.565,13.095,,,,,,
2009-02-13 00:00:00,,,,13.3825,13.6275,13.1575,,,,,,
2009-02-17 00:00:00,,,,13.0325,13.4125,12.955,,,,0,6,4
2009-02-18 00:00:00,,,,13.3175,13.3475,12.9525,,,,,,
2009-02-19 00:00:00,,,,13.32,13.515,13.1425,,,,,,
2009-02-20 00:00:00,,,,13.105,13.49,12.9975,,,,,,
2009-02-23 00:00:00,,,,13.3875,13.4725,12.675,,,,,,
2009-02-24 00:00:00,,,,12.8625,13.2875,12.575,,,,,,
2009-02-25 00:00:00,,,,13.24,13.6575,13.0925,,,,,,
2009-02-26 00:00:00,,,,13.54,13.5875,12.7975,,,,,,
2009-02-27 00:00:00,,,,12.745,13.2325,12.7,,,,,,
2009-03-02 00:00:00,,,,12.68,12.93,12.3325,,,,,,
2009-03-03 00:00:00,,,,12.5275,12.53,11.9125,,,,,,
2009-03-04 00:00:00,,,,12.0825,12.525,11.905,,,,,,
2009-03-05 00:00:00,,,,12.2475,12.46,11.8925,,,,,,
2009-03-06 00:00:00,,,,11.9975,12.125,11.515,,,,,,
2009-03-09 00:00:00,,,,11.7925,12.1025,11.7925,,,,,,
2009-03-10 00:00:00,,,,12.1375,12.6625,12.1175,,,,,,
2009-03-11 00:00:00,,,,12.6975,12.915,12.59,,,,,,
2009-03-12 00:00:00,,,,12.7575,13.35,12.64,,,,,,
2009-03-13 00:00:00,,,,13.2825,13.4875,13.1125,,,,,,
2009-03-16 00:00:00,,,,13.5625,13.565,13.0625,,,,,,
2009-03-17 00:00:00,,,,13.1375,13.5425,13.09,,,,,,
2009-03-18 00:00:00,,,,13.5175,14.2575,13.4425,,,,,,
2009-03-19 00:00:00,,,,14.125,14.3875,14.0225,,,,,,
2009-03-20 00:00:00,,,,14.345,14.4125,13.7525,,,,,,
2009-03-23 00:00:00,,,,14.2425,14.725,14.03,,,,0,6,4
2009-03-24 00:00:00,,,,14.565,14.9,14.49,,,,,,
2009-03-25 00:00:00,,,,14.755,14.865,14.18,,,,,,
2009-03-26 00:00:00,,,,14.75,14.8875,14.6475,,,,,,
2009-03-27 00:00:00,,,,14.6,14.7,14.465,,,,,,
2009-03-30 00:00:00,,,,14.38,14.4625,14.1025,,,,,,
2009-03-31 00:00:00,,,,14.355,14.44,14.0625,,,,,,
2009-04-01 00:00:00,,,,14.05,14.7075,14.0125,,,,,,
2009-04-02 00:00:00,,,,14.875,15.5125,14.7475,,,,,,
2009-04-03 00:00:00,,,,15.4275,16.0925,15.32,,,,,,
2009-04-06 00:00:00,,,,15.965,15.965,15.49,,,,,,
2009-04-07 00:00:00,,,,15.6775,15.6775,15.085,,,,,,
2009-04-08 00:00:00,,,,15.655,15.7175,15.345,,,,,,
2009-04-09 00:00:00,,,,16.0125,16.515,15.9275,,,,,,
2009-04-13 00:00:00,,,,16.39,16.5675,16.2875,,,,,,
2009-04-14 00:00:00,,,,16.315,16.3375,15.9675,,,,0,6,5
2009-04-15 00:00:00,,,,16.005,16.15,15.725,,,,,,
2009-04-16 00:00:00,,,,16.06,16.4725,15.8975,,,,,,
2009-04-17 00:00:00,,,,16.4125,16.69,16.215,,,,,,
2009-04-20 00:00:00,,,,16.2425,16.2425,15.8,,,,,,
2009-04-21 00:00:00,,,,16.005,16.7,15.76,,,,,,
2009-04-22 00:00:00,,,,16.56,17.3625,16.445,,,,,,
2009-04-23 00:00:00,,,,17.055,17.24,16.6025,,,,,,
2009-04-24 00:00:00,,,,17.0375,17.4275,16.8875,,,,0,6,5
2009-04-27 00:00:00,,,,16.925,16.9375,16.4075,,,,0,6,5
2009-04-28 00:00:00,,,,16.42,17.0725,16.2775,,,,0,6,5
2009-04-29 00:00:00,,,,15.065,15.4525,14.32,,,,0,5,6
2009-04-30 00:00:00,,,,14.725,15.3875,14.535,,,,,,
2009-05-01 00:00:00,,,,14.85,15.08,14.7125,,,,,,
2009-05-04 00:00:00,,,,14.9175,15.2525,14.83,,,,0,5,6
2009-05-05 00:00:00,,,,14.98,15.215,14.8275,,,,0,5,6
2009-05-06 00:00:00,,,,14.9375,15.0375,14.565,,,,,,
2009-05-07 00:00:00,,,,15.01,15.02,14.615,,,,,,
2009-05-08 00:00:00,,,,14.7775,14.7775,14.3275,,,,,,
2009-05-11 00:00:00,,,,14.355,14.355,14.0025,,,,,,
2009-05-12 00:00:00,,,,14.175,14.2475,13.45,,,,,,
2009-05-13 00:00:00,,,,13.6025,13.6425,13.3775,,,,0,5,6
2009-05-14 00:00:00,,,,13.595,13.9275,13.5025,,,,,,
2009-05-15 00:00:00,,,,13.55,13.9325,13.5125,,,,,,
2009-05-18 00:00:00,,,,13.71,13.9875,13.71,,,,,,
2009-05-19 00:00:00,,,,13.8575,14.07,13.7675,,,,,,
2009-05-20 00:00:00,,,,14.0825,14.2125,13.7175,,,,,,
2009-05-21 00:00:00,,,,13.65,13.8725,13.525,,,,,,
2009-05-22 00:00:00,,,,13.7175,13.83,13.3225,,,,,,
2009-05-26 00:00:00,,,,13.5175,14.4375,13.5175,,,,0,5,6
2009-05-27 00:00:00,,,,14.41,14.5275,13.99,,,,,,
2009-05-28 00:00:00,,,,14.135,14.1725,13.65,,,,,,
2009-05-29 00:00:00,,,,14.0225,14.3525,13.9275,,,,,,
2009-06-01 00:00:00,,,,14.5025,15,14.4725,,,,0,5,6
2009-06-02 00:00:00,,,,14.9125,15,14.765,,,,,,
2009-06-03 00:00:00,,,,14.7825,14.975,14.6725,,,,,,
2009-06-04 00:00:00,,,,14.8875,14.91,14.625,,,,,,
2009-06-05 00:00:00,,,,14.935,15.015,14.5625,,,,,,
2009-06-08 00:00:00,,,,14.6575,14.6575,14.3925,,,,,,
2009-06-09 00:00:00,,,,14.6875,14.9775,14.55,,,,,,
2009-06-10 00:00:00,,,,15,15.0025,14.615,,,,,,
2009-06-11 00:00:00,,,,14.8225,14.9925,14.7675,,,,,,
2009-06-12 00:00:00,,,,14.7975,14.8325,14.5375,,,,,,
2009-06-15 00:00:00,,,,14.4325,14.4875,14.2525,,,,,,
2009-06-16 00:00:00,,,,14.41,14.565,14.09,,,,0,5,6
2009-06-17 00:00:00,,,,14.075,14.2625,13.79,,,,0,5,6
2009-06-18 00:00:00,,,,14.0575,14.4075,13.9275,,,,,,
2009-06-19 00:00:00,,,,14.33,14.8525,14.33,,,,,,
2009-06-22 00:00:00,,,,14.6425,14.6475,14.33,,,,,,
2009-06-23 00:00:00,,,,14.3125,14.3425,13.8625,,,,,,
2009-06-24 00:00:00,,,,14.045,14.1975,13.97,,,,,,
2009-06-25 00:00:00,,,,14.045,14.245,13.95,,,,,,
2009-06-26 00:00:00,,,,14.0525,14.0525,13.875,,,,,,
2009-06-29 00:00:00,,,,13.88,13.9825,13.6,,,,,,
2009-06-30 00:00:00,,,,13.8675,14.1125,13.805,,,,,,
2009-07-01 00:00:00,,,,14,14.21,13.92,,,,,,
2009-07-02 00:00:00,,,,13.8475,13.8875,13.3825,,,,,,
2009-07-06 00:00:00,,,,13.465,13.765,13.45,,,,,,
2009-07-07 00:00:00,,,,13.5925,13.72,13.4225,,,,,,
2009-07-08 00:00:00,,,,13.5125,13.805,13.4625,,,,,,
2009-07-09 00:00:00,,,,13.7625,13.8125,13.505,,,,,,
2009-07-10 00:00:00,,,,13.59,13.8475,13.5475,,,,,,
2009-07-13 00:00:00,,,,13.65,14.1175,13.535,,,,,,
2009-07-14 00:00:00,,,,14.0075,14.25,13.965,,,,0,6,5
2009-07-15 00:00:00,,,,14.4825,14.9925,14.3975,,,,,,
2009-07-16 00:00:00,,,,14.9,15.185,14.7025,,,,,,
2009-07-17 00:00:00,,,,15.0625,15.1375,14.875,,,,0,6,5
2009-07-20 00:00:00,,,,15.0825,15.3775,14.925,,,,,,
2009-07-21 00:00:00,,,,15.445,15.4675,14.8925,,,,0,6,5
2009-07-22 00:00:00,,,,16,16.4075,15.4,,,,0,6,5
2009-07-23 00:00:00,,,,15.5125,16.3575,15.3975,,,,0,6,5
2009-07-24 00:00:00,,,,16.1325,16.32,15.98,,,,,,
2009-07-27 00:00:00,,,,16.3175,16.52,16.0575,,,,,,
2009-07-28 00:00:00,,,,16.4825,16.6125,16.3575,,,,0,6,5
2009-07-29 00:00:00,,,,16.145,16.41,15.82,,,,,,
2009-07-30 00:00:00,,,,16.08,16.33,16.05,,,,,,
2009-07-31 00:00:00,,,,16.1,16.3775,16.0925,,,,,,
2009-08-03 00:00:00,,,,16.3025,16.415,16.1975,,,,,,
2009-08-04 00:00:00,,,,16.25,16.555,16.1375,,,,,,
2009-08-05 00:00:00,,,,16.45,16.6625,16.375,,,,,,
2009-08-06 00:00:00,,,,16.5775,16.7375,16.4675,,,,,,
2009-08-07 00:00:00,,,,16.75,17.3125,16.7225,,,,,,
2009-08-10 00:00:00,,,,17.0675,17.0675,16.645,,,,0,6,5
2009-08-11 00:00:00,,,,16.7,16.7,16.39,,,,,,
2009-08-12 00:00:00,,,,16.53,16.825,16.5025,,,,,,
2009-08-13 00:00:00,,,,16.4325,16.76,16.4175,,,,,,
2009-08-14 00:00:00,,,,16.7,16.785,16.2625,,,,,,
2009-08-17 00:00:00,,,,16.225,16.23,15.96,,,,0,7,5
2009-08-18 00:00:00,,,,16.13,16.395,16.0375,,,,,,
2009-08-19 00:00:00,,,,16.3175,16.59,16.2325,,,,,,
2009-08-20 00:00:00,,,,16.6125,16.75,16.5,,,,,,
2009-08-21 00:00:00,,,,16.68,16.84,16.5575,,,,,,
2009-08-24 00:00:00,,,,16.875,16.965,16.4625,,,,,,
2009-08-25 00:00:00,,,,16.5725,16.8225,16.5325,,,,,,
2009-08-26 00:00:00,,,,16.7925,17.2575,16.7025,,,,,,
2009-08-27 00:00:00,,,,17.2625,17.3875,16.9575,,,,0,7,5
2009-08-28 00:00:00,,,,17.4025,17.81,17.39,,,,0,7,5
2009-08-31 00:00:00,,,,17.545,17.63,17.33,,,,,,
2009-09-01 00:00:00,,,,17.335,17.635,17.005,,,,0,6,5
2009-09-02 00:00:00,,,,17.08,17.3275,17.0125,,,,,,
2009-09-03 00:00:00,,,,17.115,17.2175,16.945,,,,,,
2009-09-04 00:00:00,,,,17.155,17.395,17.045,,,,,,
2009-09-08 00:00:00,,,,17.3775,17.5225,17.2125,,,,,,
2009-09-09 00:00:00,,,,17.3525,17.64,17.31,,,,0,6,5
2009-09-10 00:00:00,,,,17.5975,17.775,17.4575,,,,,,
2009-09-11 00:00:00,,,,17.955,17.955,17.705,,,,,,
2009-09-14 00:00:00,,,,17.6925,18.09,17.605,,,,,,
2009-09-15 00:00:00,,,,18.075,18.235,17.8825,,,,,,
2009-09-16 00:00:00,,,,18.025,18.2725,17.87,,,,,,
2009-09-17 00:00:00,,,,18.265,18.435,18.09,,,,0,6,5
2009-09-18 00:00:00,,,,18.215,18.2475,18.075,,,,,,
2009-09-21 00:00:00,,,,18.0725,18.24,17.8875,,,,,,
2009-09-22 00:00:00,,,,18.075,18.1725,17.895,,,,,,
2009-09-23 00:00:00,,,,18.07,18.07,17.6825,,,,0,6,4
2009-09-24 00:00:00,,,,17.775,17.96,17.68,,,,,,
2009-09-25 00:00:00,,,,17.5875,17.87,17.5525,,,,0,6,4
2009-09-28 00:00:00,,,,17.58,18.01,17.5675,,,,,,
2009-09-29 00:00:00,,,,18.0875,18.4325,18.0425,,,,,,
2009-09-30 00:00:00,,,,18.2875,18.3725,17.9575,,,,,,
2009-10-01 00:00:00,,,,18.115,18.115,17.4025,,,,,,
2009-10-02 00:00:00,,,,17.3075,17.3825,17.155,,,,0,6,4
2009-10-05 00:00:00,,,,17.3025,17.725,17.3025,,,,,,
2009-10-06 00:00:00,,,,17.78,18.075,17.78,,,,,,
2009-10-07 00:00:00,,,,17.915,18.1775,17.855,,,,0,7,4
2009-10-08 00:00:00,,,,18.4075,18.8875,18.38,,,,,,
2009-10-09 00:00:00,,,,18.81,18.8125,18.5725,,,,,,
2009-10-12 00:00:00,,,,18.8575,18.9325,18.7275,,,,0,8,4
2009-10-13 00:00:00,,,,18.7775,18.855,18.6025,,,,0,8,4
2009-10-14 00:00:00,,,,18.875,19.19,18.8525,,,,0,8,4
2009-10-15 00:00:00,,,,18.9675,19.3225,18.9425,,,,,,
2009-10-16 00:00:00,,,,19.03,19.1625,18.85,,,,,,
2009-10-19 00:00:00,,,,19.1425,19.51,19.0875,,,,0,8,4
2009-10-20 00:00:00,,,,19.4225,19.5475,19.23,,,,0,8,4
2009-10-21 00:00:00,,,,19.35,19.4625,18.9425,,,,0,8,4
2009-10-22 00:00:00,,,,19.005,19.5675,18.9475,,,,0,8,4
2009-10-23 00:00:00,,,,19.6075,19.67,19.3925,,,,,,
2009-10-26 00:00:00,,,,19.6175,19.9475,19.5275,,,,0,8,4
2009-10-27 00:00:00,,,,18.765,18.765,18.0475,,,,0,8,4
2009-10-28 00:00:00,,,,18.3975,18.3975,17.5875,,,,0,9,4
2009-10-29 00:00:00,,,,17.885,17.915,17.73,,,,,,
2009-10-30 00:00:00,,,,17.8425,18.1725,17.6575,,,,,,
2009-11-02 00:00:00,,,,17.8675,18.12,17.5525,,,,,,
2009-11-03 00:00:00,,,,17.8,18.22,17.795,,,,,,
2009-11-04 00:00:00,,,,18.175,18.2,17.8625,,,,,,
2009-11-05 00:00:00,,,,18.025,18.6375,18.025,,,,,,
2009-11-06 00:00:00,,,,18.54,18.6975,18.375,,,,,,
2009-11-09 00:00:00,,,,18.735,19.175,18.6925,,,,,,
2009-11-10 00:00:00,,,,19.115,19.27,18.75,,,,,,
2009-11-11 00:00:00,,,,19.0525,19.3075,18.885,,,,,,
2009-11-12 00:00:00,,,,19.04,19.0625,18.4775,,,,,,
2009-11-13 00:00:00,,,,18.575,18.7025,18.385,,,,,,
2009-11-16 00:00:00,,,,18.7925,18.965,18.78,,,,0,9,4
2009-11-17 00:00:00,,,,18.835,18.845,18.365,,,,,,
2009-11-18 00:00:00,,,,18.5125,18.6575,18.355,,,,,,
2009-11-19 00:00:00,,,,18.5025,18.5275,18.2075,,,,,,
2009-11-20 00:00:00,,,,18.2675,18.3725,18.015,,,,,,
2009-11-23 00:00:00,,,,18.41,18.51,18.2575,,,,,,
2009-11-24 00:00:00,,,,18.305,18.3825,17.9375,,,,,,
2009-11-25 00:00:00,,,,18.2175,18.43,18.1525,,,,,,
2009-11-27 00:00:00,,,,17.8075,18.25,17.8075,,,,0,9,4
2009-11-30 00:00:00,,,,18.0975,18.2075,17.84,,,,0,9,4
2009-12-01 00:00:00,,,,18.4025,18.64,18.4,,,,,,
2009-12-02 00:00:00,,,,18.595,18.9525,18.5675,,,,,,
2009-12-03 00:00:00,,,,18.7025,18.7025,18.3175,,,,,,
2009-12-04 00:00:00,,,,18.39,18.5125,18.04,,,,,,
2009-12-07 00:00:00,,,,18.175,18.235,17.9575,,,,,,
2009-12-08 00:00:00,,,,17.98,18.0425,17.8175,,,,,,
2009-12-09 00:00:00,,,,17.84,17.8775,17.68,,,,,,
2009-12-10 00:00:00,,,,18.0075,18.1675,17.945,,,,,,
2009-12-11 00:00:00,,,,18.1475,18.3775,18.025,,,,,,
2009-12-14 00:00:00,,,,18.4125,18.495,18.2575,,,,,,
2009-12-15 00:00:00,,,,18.39,18.405,18.125,,,,0,10,4
2009-12-16 00:00:00,,,,18.2925,18.455,18.2575,,,,,,
2009-12-17 00:00:00,,,,18.2025,18.215,18.0325,,,,,,
2009-12-18 00:00:00,,,,18.2325,18.2975,17.8525,,,,,,
2009-12-21 00:00:00,,,,18.1575,18.395,18.1575,,,,0,10,4
2009-12-22 00:00:00,,,,18.2925,18.39,18.1825,,,,0,10,4
2009-12-23 00:00:00,,,,18.425,18.45,18.3,,,,,,
2009-12-24 00:00:00,,,,18.415,18.5075,18.3925,,,,,,
2009-12-28 00:00:00,,,,18.4325,18.5,18.3525,,,,,,
2009-12-29 00:00:00,,,,18.4725,18.5575,18.4175,,,,,,
2009-12-30 00:00:00,,,,18.415,18.6125,18.405,,,,,,
2009-12-31 00:00:00,,,,18.615,18.615,18.31,,,,,,
2010-01-04 00:00:00,,,,18.31,18.375,18.2675,,,,0,10,4
2010-01-05 00:00:00,,,,18.3725,18.8025,18.1075,,,,,,
2010-01-06 00:00:00,,,,18.6975,18.6975,18.475,,,,,,
2010-01-07 00:00:00,,,,18.5425,19.0175,18.5425,,,,,,
2010-01-08 00:00:00,,,,18.8675,18.9975,18.805,,,,,,
2010-01-11 00:00:00,,,,18.9775,19,18.5925,,,,0,10,5
2010-01-12 00:00:00,,,,18.8,18.925,18.465,,,,,,
2010-01-13 00:00:00,,,,18.625,18.8,18.5425,,,,,,
2010-01-14 00:00:00,,,,18.6925,18.89,18.6075,,,,,,
2010-01-15 00:00:00,,,,18.7525,18.8,18.4875,,,,0,10,5
2010-01-19 00:00:00,,,,18.6775,18.8025,18.6775,,,,0,10,5
2010-01-20 00:00:00,,,,18.635,18.755,18.5425,,,,,,
2010-01-21 00:00:00,,,,18.7625,18.8225,18.5975,,,,,,
2010-01-22 00:00:00,,,,18.5925,18.705,18.1,,,,,,
2010-01-25 00:00:00,,,,18.2325,18.2375,17.965,,,,,,
2010-01-26 00:00:00,,,,17.9725,18.16,17.9725,,,,0,10,5
2010-01-27 00:00:00,,,,18.1125,18.3425,18.055,,,,,,
2010-01-28 00:00:00,,,,18.35,18.4,18.1125,,,,0,10,5
2010-01-29 00:00:00,,,,18.255,18.3675,17.9725,,,,0,10,5
2010-02-01 00:00:00,,,,18.0725,18.2575,18.005,,,,0,10,6
2010-02-02 00:00:00,,,,18.28,18.56,18.215,,,,0,10,6
2010-02-03 00:00:00,,,,18.3125,18.34,18.0725,,,,,,
2010-02-04 00:00:00,,,,18.0075,18.0775,17.7825,,,,0,10,6
2010-02-05 00:00:00,,,,17.6875,17.8975,17.5675,,,,0,10,6
2010-02-08 00:00:00,,,,17.8725,18.15,17.8025,,,,0,10,7
2010-02-09 00:00:00,,,,17.9425,18.175,17.9375,,,,0,10,7
2010-02-10 00:00:00,,,,18.09,18.29,18.0275,,,,0,10,7
2010-02-11 00:00:00,,,,18.5825,18.685,18.3475,,,,0,10,7
2010-02-12 00:00:00,,,,18.475,18.59,18.3825,,,,0,10,7
2010-02-16 00:00:00,,,,18.665,18.8825,18.5425,,,,,,
2010-02-17 00:00:00,,,,19,19.1525,18.97,,,,0,10,7
2010-02-18 00:00:00,,,,19.0325,19.185,18.9475,,,,,,
2010-02-19 00:00:00,,,,19.095,19.19,18.98,,,,0,10,7
2010-02-22 00:00:00,,,,19.2025,19.265,19.1425,,,,,,
2010-02-23 00:00:00,,,,19,19.1325,18.845,,,,,,
2010-02-24 00:00:00,,,,19,19.185,18.895,,,,,,
2010-02-25 00:00:00,,,,18.975,19.3175,18.9525,,,,,,
2010-02-26 00:00:00,,,,19.2725,19.4225,19.17,,,,,,
2010-03-01 00:00:00,,,,19.345,19.4925,19.2825,,,,,,
2010-03-02 00:00:00,,,,19.5,19.5525,19.445,,,,,,
2010-03-03 00:00:00,,,,19.53,19.53,19.37,,,,,,
2010-03-04 00:00:00,,,,19.5025,19.55,19.36,,,,0,10,7
2010-03-05 00:00:00,,,,19.4525,19.7425,19.3675,,,,,,
2010-03-08 00:00:00,,,,19.7175,20,19.7075,,,,0,10,7
2010-03-09 00:00:00,,,,19.9525,20,19.8825,,,,,,
2010-03-10 00:00:00,,,,19.9375,19.9975,19.8375,,,,,,
2010-03-11 00:00:00,,,,19.88,19.9525,19.7225,,,,,,
2010-03-12 00:00:00,,,,20,20,19.7675,,,,,,
2010-03-15 00:00:00,,,,19.8375,19.9625,19.735,,,,,,
2010-03-16 00:00:00,,,,19.9375,19.9975,19.8525,,,,,,
2010-03-17 00:00:00,,,,20,20.155,19.9775,,,,,,
2010-03-18 00:00:00,,,,20.145,20.2375,19.825,,,,,,
2010-03-19 00:00:00,,,,20.0075,20.05,19.8775,,,,,,
2010-03-22 00:00:00,,,,19.7725,20.2025,19.7725,,,,,,
2010-03-23 00:00:00,,,,20.12,20.2475,20.0075,,,,,,
2010-03-24 00:00:00,,,,20.12,20.22,19.9525,,,,,,
2010-03-25 00:00:00,,,,20.15,20.2275,19.86,,,,,,
2010-03-26 00:00:00,,,,19.96,20.2275,19.9375,,,,0,10,7
2010-03-29 00:00:00,,,,20.155,20.195,19.9325,,,,0,10,7
2010-03-30 00:00:00,,,,20.155,20.195,19.9675,,,,,,
2010-03-31 00:00:00,,,,19.9725,20.14,19.905,,,,,,
2010-04-01 00:00:00,,,,20.1825,20.3,20.1575,,,,0,10,7
2010-04-05 00:00:00,,,,20.3,20.6325,20.275,,,,0,10,7
2010-04-06 00:00:00,,,,20.465,20.705,20.435,,,,,,
2010-04-07 00:00:00,,,,20.615,20.715,20.4875,,,,,,
2010-04-08 00:00:00,,,,20.515,20.5525,20.3475,,,,,,
2010-04-09 00:00:00,,,,20.5175,20.9325,20.5125,,,,,,
2010-04-12 00:00:00,,,,20.95,21.0675,20.9,,,,0,10,7
2010-04-13 00:00:00,,,,20.965,21.11,20.8725,,,,,,
2010-04-14 00:00:00,,,,21.0825,21.125,20.72,,,,0,9,8
2010-04-15 00:00:00,,,,20.8575,20.9675,20.755,,,,0,9,8
2010-04-16 00:00:00,,,,20.9275,21.015,20.58,,,,0,9,8
2010-04-19 00:00:00,,,,20.6525,20.79,20.475,,,,,,
2010-04-20 00:00:00,,,,20.735,20.8975,20.6625,,,,0,9,8
2010-04-21 00:00:00,,,,20.9275,21.11,20.875,,,,,,
2010-04-22 00:00:00,,,,20.99,21.7375,20.93,,,,,,
2010-04-23 00:00:00,,,,21.64,21.745,21.4875,,,,,,
2010-04-26 00:00:00,,,,21.6075,21.9425,21.58,,,,0,9,8
2010-04-27 00:00:00,,,,21.7175,21.745,21.32,,,,0,9,8
2010-04-28 00:00:00,,,,21.5525,21.7175,21.275,,,,0,9,8
2010-04-29 00:00:00,,,,21.58,21.815,21.455,,,,0,9,8
2010-04-30 00:00:00,,,,22.2,22.235,21.6025,,,,0,9,8
2010-05-03 00:00:00,,,,21.735,21.9125,21.4675,,,,0,9,8
2010-05-04 00:00:00,,,,21.3275,21.3275,20.94,,,,,,
2010-05-05 00:00:00,,,,20.9125,21.075,20.6975,,,,,,
2010-05-06 00:00:00,,,,20.7775,20.87,18.91,,,,0,9,8
2010-05-07 00:00:00,,,,19.92,20.2575,19.475,,,,0,9,8
2010-05-10 00:00:00,,,,20.7425,20.8625,20.415,,,,,,
2010-05-11 00:00:00,,,,20.51,21.175,20.51,,,,,,
2010-05-12 00:00:00,,,,20.8675,21.22,20.8225,,,,,,
2010-05-13 00:00:00,,,,21.2025,21.22,20.7875,,,,,,
2010-05-14 00:00:00,,,,20.7425,20.7825,20.295,,,,,,
2010-05-17 00:00:00,,,,20.45,20.4925,19.94,,,,,,
2010-05-18 00:00:00,,,,20.59,20.765,20.1825,,,,,,
2010-05-19 00:00:00,,,,20.0675,20.2025,19.7025,,,,,,
2010-05-20 00:00:00,,,,19.625,19.6325,19.08,,,,,,
2010-05-21 00:00:00,,,,18.8175,19.7075,18.8175,,,,,,
2010-05-24 00:00:00,,,,19.425,19.61,19.31,,,,,,
2010-05-25 00:00:00,,,,18.815,19.3075,18.73,,,,,,
2010-05-26 00:00:00,,,,19.4225,19.4925,18.99,,,,,,
2010-05-27 00:00:00,,,,19.3975,19.4675,19.1975,,,,,,
2010-05-28 00:00:00,,,,19.4725,19.62,19.21,,,,,,
2010-06-01 00:00:00,,,,19.1925,19.4575,18.9425,,,,0,9,9
2010-06-02 00:00:00,,,,18.99,19.5,18.825,,,,,,
2010-06-03 00:00:00,,,,19.5075,19.6475,19.3725,,,,,,
2010-06-04 00:00:00,,,,18.8475,19.0525,18.5125,,,,,,
2010-06-07 00:00:00,,,,18.67,18.7325,18.3025,,,,,,
2010-06-08 00:00:00,,,,18.3025,18.4975,18.0375,,,,,,
2010-06-09 00:00:00,,,,18.5975,18.9675,18.5975,,,,0,9,9
2010-06-10 00:00:00,,,,18.945,19.4075,18.945,,,,0,9,9
2010-06-11 00:00:00,,,,19.2475,19.57,19.2225,,,,,,
2010-06-14 00:00:00,,,,19.57,19.7675,19.4575,,,,,,
2010-06-15 00:00:00,,,,19.6175,20.0375,19.5225,,,,,,
2010-06-16 00:00:00,,,,19.9325,20,19.6525,,,,,,
2010-06-17 00:00:00,,,,19.895,19.895,19.505,,,,,,
2010-06-18 00:00:00,,,,19.735,19.92,19.6,,,,,,
2010-06-21 00:00:00,,,,20,20.0075,19.535,,,,,,
2010-06-22 00:00:00,,,,19.7175,19.885,19.065,,,,,,
2010-06-23 00:00:00,,,,19.08,19.1475,18.7925,,,,,,
2010-06-24 00:00:00,,,,18.9375,18.945,18.5675,,,,,,
2010-06-25 00:00:00,,,,18.7075,18.8575,18.5225,,,,,,
2010-06-28 00:00:00,,,,18.905,19.025,18.6875,,,,0,9,8
2010-06-29 00:00:00,,,,18.5,18.5025,17.925,,,,,,
2010-06-30 00:00:00,,,,17.975,18.16,17.7625,,,,,,
2010-07-01 00:00:00,,,,17.7625,18.04,17.4675,,,,,,
2010-07-02 00:00:00,,,,17.9025,18.0225,17.5725,,,,,,
2010-07-06 00:00:00,,,,17.8925,17.96,17.315,,,,,,
2010-07-07 00:00:00,,,,17.49,18.1725,17.4425,,,,,,
2010-07-08 00:00:00,,,,18.2225,18.615,18.2225,,,,0,9,8
2010-07-09 00:00:00,,,,18.5525,18.7375,18.46,,,,0,8,8
2010-07-12 00:00:00,,,,18.63,18.8375,18.4825,,,,0,9,8
2010-07-13 00:00:00,,,,18.7675,19.1425,18.7675,,,,0,9,8
2010-07-14 00:00:00,,,,18.92,19.0625,18.74,,,,,,
2010-07-15 00:00:00,,,,19.0225,19.1075,18.7275,,,,,,
2010-07-16 00:00:00,,,,18.9625,18.9625,18.17,,,,0,9,8
2010-07-19 00:00:00,,,,18.29,18.3825,18.025,,,,0,9,8
2010-07-20 00:00:00,,,,17.89,18.7525,17.89,,,,0,9,8
2010-07-21 00:00:00,,,,18.79,18.91,18.4425,,,,0,9,8
2010-07-22 00:00:00,,,,19.3525,19.855,19.03,,,,0,9,8
2010-07-23 00:00:00,,,,19.7775,20.1925,19.7475,,,,0,10,7
2010-07-26 00:00:00,,,,20.005,20.5275,19.9075,,,,0,10,7
2010-07-27 00:00:00,,,,20.5,20.5275,19.8825,,,,,,
2010-07-28 00:00:00,,,,20.085,20.165,19.7325,,,,,,
2010-07-29 00:00:00,,,,19.965,20.055,19.535,,,,0,10,7
2010-07-30 00:00:00,,,,19.6475,19.8675,19.51,,,,,,
2010-08-02 00:00:00,,,,20.1325,20.365,20.085,,,,,,
2010-08-03 00:00:00,,,,20.07,20.1425,19.8375,,,,,,
2010-08-04 00:00:00,,,,19.9525,20.31,19.945,,,,,,
2010-08-05 00:00:00,,,,20.085,20.2475,19.94,,,,,,
2010-08-06 00:00:00,,,,20.025,20.2375,19.885,,,,0,10,7
2010-08-09 00:00:00,,,,20.2925,20.3125,20.0775,,,,,,
2010-08-10 00:00:00,,,,19.9875,20.135,19.74,,,,0,10,7
2010-08-11 00:00:00,,,,19.7725,19.7725,19.3275,,,,,,
2010-08-12 00:00:00,,,,19.215,19.315,19.0625,,,,,,
2010-08-13 00:00:00,,,,19.2125,19.3275,19.1175,,,,,,
2010-08-16 00:00:00,,,,18.985,19.2375,18.895,,,,,,
2010-08-17 00:00:00,,,,19.2575,19.6125,19.2175,,,,,,
2010-08-18 00:00:00,,,,19.415,19.56,19.2175,,,,,,
2010-08-19 00:00:00,,,,19.2425,19.3375,18.905,,,,,,
2010-08-20 00:00:00,,,,18.92,18.9325,18.6775,,,,0,10,7
2010-08-23 00:00:00,,,,18.91,19.1675,18.815,,,,,,
2010-08-24 00:00:00,,,,18.5525,18.7325,18.315,,,,,,
2010-08-25 00:00:00,,,,18.495,18.685,18.2375,,,,,,
2010-08-26 00:00:00,,,,18.72,18.745,18.27,,,,,,
2010-08-27 00:00:00,,,,18.4075,18.515,18.125,,,,,,
2010-08-30 00:00:00,,,,18.4675,18.6625,18.2025,,,,,,
2010-08-31 00:00:00,,,,17.6575,17.9625,17.525,,,,0,9,8
2010-09-01 00:00:00,,,,17.92,18.4425,17.92,,,,,,
2010-09-02 00:00:00,,,,18.3525,18.6325,18.3275,,,,,,
2010-09-03 00:00:00,,,,18.825,18.915,18.6275,,,,,,
2010-09-07 00:00:00,,,,18.87,18.91,18.6925,,,,0,9,8
2010-09-08 00:00:00,,,,18.63,18.9525,18.63,,,,,,
2010-09-09 00:00:00,,,,19.0075,19.08,18.7075,,,,,,
2010-09-10 00:00:00,,,,18.8625,18.9525,18.73,,,,,,
2010-09-13 00:00:00,,,,19.0175,19.16,18.945,,,,,,
2010-09-14 00:00:00,,,,19.0275,19.36,19.0075,,,,,,
2010-09-15 00:00:00,,,,19.2125,19.5375,19.19,,,,,,
2010-09-16 00:00:00,,,,19.36,19.435,19.2525,,,,,,
2010-09-17 00:00:00,,,,19.5225,19.545,19.3,,,,,,
2010-09-20 00:00:00,,,,19.55,19.75,19.4525,,,,,,
2010-09-21 00:00:00,,,,19.73,19.7675,19.52,,,,,,
2010-09-22 00:00:00,,,,19.6675,19.75,19.3825,,,,,,
2010-09-23 00:00:00,,,,19.275,19.485,19.2575,,,,,,
2010-09-24 00:00:00,,,,19.5825,19.755,19.575,,,,,,
2010-09-27 00:00:00,,,,19.81,19.995,19.6925,,,,,,
2010-09-28 00:00:00,,,,19.92,20.2175,19.63,,,,,,
2010-09-29 00:00:00,,,,20.08,20.33,20.0125,,,,,,
2010-09-30 00:00:00,,,,20.375,20.4725,20.0975,,,,,,
2010-10-01 00:00:00,,,,20.2825,20.4625,20.095,,,,,,
2010-10-04 00:00:00,,,,20.205,20.38,20.1125,,,,0,9,8
2010-10-05 00:00:00,,,,20.4125,20.72,20.2575,,,,,,
2010-10-06 00:00:00,,,,20.63,20.675,20.4425,,,,,,
2010-10-07 00:00:00,,,,20.6975,20.7275,20.495,,,,0,9,8
2010-10-08 00:00:00,,,,20.6125,21.1825,20.5575,,,,,,
2010-10-11 00:00:00,,,,21.0175,21.41,21.0175,,,,0,9,8
2010-10-12 00:00:00,,,,21.26,21.29,20.9575,,,,,,
2010-10-13 00:00:00,,,,21.375,21.415,21.135,,,,,,
2010-10-14 00:00:00,,,,21.2675,21.5275,21.2675,,,,0,9,8
2010-10-15 00:00:00,,,,21.6925,21.6925,21.3625,,,,0,9,8
2010-10-18 00:00:00,,,,21.53,21.69,21.395,,,,0,9,8
2010-10-19 00:00:00,,,,21.3525,21.6125,21.25,,,,0,9,8
2010-10-20 00:00:00,,,,21.5225,21.9225,21.4675,,,,0,9,8
2010-10-21 00:00:00,,,,22.2025,22.2025,20.89,,,,0,9,8
2010-10-22 00:00:00,,,,21.37,21.5825,21.28,,,,0,9,8
2010-10-25 00:00:00,,,,21.645,21.645,21.2875,,,,0,9,8
2010-10-26 00:00:00,,,,21.1825,21.545,21.12,,,,,,
2010-10-27 00:00:00,,,,21.165,21.17,20.4,,,,,,
2010-10-28 00:00:00,,,,20.8725,20.9775,20.605,,,,,,
2010-10-29 00:00:00,,,,20.94,21.075,20.7625,,,,0,9,7
2010-11-01 00:00:00,,,,20.955,21.0825,20.66,,,,0,9,7
2010-11-02 00:00:00,,,,21.005,21.13,20.83,,,,0,9,7
2010-11-03 00:00:00,,,,20.905,20.91,20.4825,,,,,,
2010-11-04 00:00:00,,,,21.035,21.0825,20.8175,,,,,,
2010-11-05 00:00:00,,,,20.9225,21.375,20.9225,,,,,,
2010-11-08 00:00:00,,,,21.1875,21.1875,20.94,,,,0,9,7
2010-11-09 00:00:00,,,,21.12,21.12,20.685,,,,,,
2010-11-10 00:00:00,,,,20.3875,20.52,19.97,,,,0,8,8
2010-11-11 00:00:00,,,,20.0575,20.2625,19.9425,,,,,,
2010-11-12 00:00:00,,,,20.0875,20.235,19.8,,,,0,8,8
2010-11-15 00:00:00,,,,19.9475,20.26,19.8825,,,,0,8,8
2010-11-16 00:00:00,,,,19.82,20.03,19.5525,,,,,,
2010-11-17 00:00:00,,,,19.7475,20.2425,19.7475,,,,,,
2010-11-18 00:00:00,,,,20.4275,20.5425,20.3575,,,,,,
2010-11-19 00:00:00,,,,20.43,20.6425,20.215,,,,,,
2010-11-22 00:00:00,,,,20.5725,20.9125,20.485,,,,0,8,8
2010-11-23 00:00:00,,,,20.655,20.81,20.53,,,,0,8,8
2010-11-24 00:00:00,,,,20.9325,21.1125,20.9025,,,,,,
2010-11-26 00:00:00,,,,20.9675,21.0525,20.89,,,,0,8,8
2010-11-29 00:00:00,,,,20.935,21.2775,20.4625,,,,0,8,8
2010-11-30 00:00:00,,,,20.7675,20.915,20.625,,,,,,
2010-12-01 00:00:00,,,,21.035,21.195,20.975,,,,0,8,8
2010-12-02 00:00:00,,,,21.08,21.46,21.005,,,,0,8,8
2010-12-03 00:00:00,,,,21.25,21.3325,20.9425,,,,,,
2010-12-06 00:00:00,,,,21.2275,21.45,21.07,,,,0,8,8
2010-12-07 00:00:00,,,,21.5475,21.7275,21.4,,,,,,
2010-12-08 00:00:00,,,,21.3,21.345,21.0675,,,,,,
2010-12-09 00:00:00,,,,21.475,21.4775,21.3175,,,,,,
2010-12-10 00:00:00,,,,21.43,21.5425,21.325,,,,,,
2010-12-13 00:00:00,,,,21.6725,22,21.635,,,,0,8,8
2010-12-14 00:00:00,,,,21.81,22,21.7425,,,,,,
2010-12-15 00:00:00,,,,21.845,22.1175,21.7975,,,,0,8,8
2010-12-16 00:00:00,,,,21.9625,22.0925,21.8575,,,,0,8,8
2010-12-17 00:00:00,,,,22.09,22.375,22.05,,,,0,9,9
2010-12-20 00:00:00,,,,22.3725,22.375,22.085,,,,0,9,9
2010-12-21 00:00:00,,,,22.37,22.435,22.18,,,,0,9,9
2010-12-22 00:00:00,,,,22.1425,22.1475,21.57,,,,0,9,9
2010-12-23 00:00:00,,,,21.7325,21.8375,21.61,,,,,,
2010-12-27 00:00:00,,,,21.7025,21.75,21.5225,,,,0,9,9
2010-12-28 00:00:00,,,,21.6975,21.7625,21.575,,,,,,
2010-12-29 00:00:00,,,,21.7625,21.9025,21.73,,,,,,
2010-12-30 00:00:00,,,,21.7125,21.785,21.6775,,,,,,
2010-12-31 00:00:00,,,,21.7175,21.76,21.5,,,,,,
2011-01-03 00:00:00,,,,21.6575,21.6925,21.45,,,,0,9,9
2011-01-04 00:00:00,,,,21.6375,21.6975,21.175,,,,0,9,9
2011-01-05 00:00:00,,,,21.25,21.3975,21.095,,,,0,9,9
2011-01-06 00:00:00,,,,21.275,21.315,20.765,,,,0,9,9
2011-01-07 00:00:00,,,,20.755,20.8425,20.355,,,,0,9,9
2011-01-10 00:00:00,,,,20.47,20.81,20.4525,,,,0,9,9
2011-01-11 00:00:00,,,,20.75,20.7525,20.5175,,,,,,
2011-01-12 00:00:00,,,,20.8425,20.865,20.685,,,,,,
2011-01-13 00:00:00,,,,20.775,20.7875,20.505,,,,0,9,9
2011-01-14 00:00:00,,,,20.5675,20.9875,20.51,,,,0,9,9
2011-01-18 00:00:00,,,,21.03,21.03,20.5675,,,,0,9,9
2011-01-19 00:00:00,,,,20.7325,20.765,20.4475,,,,,,
2011-01-20 00:00:00,,,,20.745,20.98,20.66,,,,,,
2011-01-21 00:00:00,,,,20.9,20.9,20.48,,,,0,9,9
2011-01-24 00:00:00,,,,20.4675,20.7325,20.45,,,,0,9,9
2011-01-25 00:00:00,,,,20.5475,20.5675,20.1,,,,0,9,9
2011-01-26 00:00:00,,,,20.475,20.775,20.2875,,,,0,9,9
2011-01-27 00:00:00,,,,20.7275,20.74,20.4975,,,,,,
2011-01-28 00:00:00,,,,20.635,20.69,20.3075,,,,0,9,9
2011-01-31 00:00:00,,,,20.395,20.7075,20.265,,,,0,9,9
2011-02-01 00:00:00,,,,20.8025,21.0575,20.695,,,,,,
2011-02-02 00:00:00,,,,20.9725,21.055,20.815,,,,0,9,9
2011-02-03 00:00:00,,,,21.005,21.2475,20.9725,,,,0,9,9
2011-02-04 00:00:00,,,,21.175,21.9225,21.03,,,,,,
2011-02-07 00:00:00,,,,21.7225,21.785,21.5925,,,,0,9,9
2011-02-08 00:00:00,,,,21.72,21.9,21.6125,,,,,,
2011-02-09 00:00:00,,,,21.875,22.4375,21.8725,,,,,,
2011-02-10 00:00:00,,,,21.9525,22.06,21.74,,,,,,
2011-02-11 00:00:00,,,,21.8475,21.8475,21.615,,,,,,
2011-02-14 00:00:00,,,,21.715,21.76,21.5175,,,,0,9,9
2011-02-15 00:00:00,,,,21.6175,21.735,21.4575,,,,,,
2011-02-16 00:00:00,,,,21.7575,21.8525,21.4025,,,,,,
2011-02-17 00:00:00,,,,21.5475,22,21.4,,,,0,9,9
2011-02-18 00:00:00,,,,21.95,22.5,21.9425,,,,0,9,9
2011-02-22 00:00:00,,,,23.7675,25.06,23.73,,,,0,9,9
2011-02-23 00:00:00,,,,24.1,24.22,23.69,,,,0,9,9
2011-02-24 00:00:00,,,,23.745,24.0375,23.7,,,,0,8,9
2011-02-25 00:00:00,,,,23.9125,24.2475,23.9125,,,,0,8,9
2011-02-28 00:00:00,,,,23.75,23.9675,23.75,,,,0,8,9
2011-03-01 00:00:00,,,,24.04,24.07,23.4525,,,,,,
2011-03-02 00:00:00,,,,23.515,23.7025,23.3425,,,,,,
2011-03-03 00:00:00,,,,23.6675,24,23.6675,,,,,,
2011-03-04 00:00:00,,,,23.975,24.115,23.7725,,,,0,9,9
2011-03-07 00:00:00,,,,23.865,24.2625,23.7725,,,,0,9,9
2011-03-08 00:00:00,,,,24.1975,24.37,24.0375,,,,,,
2011-03-09 00:00:00,,,,24,24.52,23.9625,,,,,,
2011-03-10 00:00:00,,,,24.2075,24.7,24.0875,,,,,,
2011-03-11 00:00:00,,,,23.9925,24.625,23.975,,,,0,9,9
2011-03-14 00:00:00,,,,24.495,24.495,24.03,,,,0,9,9
2011-03-15 00:00:00,,,,23.6075,24.1625,23.45,,,,0,9,9
2011-03-16 00:00:00,,,,23.9125,24.1775,23.54,,,,,,
2011-03-17 00:00:00,,,,23.75,23.97,23.5575,,,,,,
2011-03-18 00:00:00,,,,23.6975,23.6975,23.0525,,,,,,
2011-03-21 00:00:00,,,,23.3975,23.625,23.3675,,,,0,9,9
2011-03-22 00:00:00,,,,23.465,23.575,23.37,,,,,,
2011-03-23 00:00:00,,,,23.3775,23.6175,23.1075,,,,,,
2011-03-24 00:00:00,,,,23.7325,23.895,23.495,,,,,,
2011-03-25 00:00:00,,,,23.765,23.995,23.6425,,,,,,
2011-03-28 00:00:00,,,,23.865,24.11,23.6625,,,,0,9,9
2011-03-29 00:00:00,,,,23.6675,24.18,23.6475,,,,,,
2011-03-30 00:00:00,,,,24.1675,24.8375,24.1575,,,,,,
2011-03-31 00:00:00,,,,24.71,24.71,24.2975,,,,0,9,9
2011-04-01 00:00:00,,,,24.465,24.9925,24.465,,,,,,
2011-04-04 00:00:00,,,,24.855,24.875,24.59,,,,0,9,9
2011-04-05 00:00:00,,,,24.7075,24.925,24.5175,,,,0,9,9
2011-04-06 00:00:00,,,,24.845,24.875,24.49,,,,,,
2011-04-07 00:00:00,,,,24.615,24.75,24.375,,,,0,9,9
2011-04-08 00:00:00,,,,24.74,24.7475,24.1725,,,,0,9,9
2011-04-11 00:00:00,,,,24.3625,24.97,24.3625,,,,0,9,9
2011-04-12 00:00:00,,,,24.75,24.9975,24.62,,,,0,9,9
2011-04-13 00:00:00,,,,24.8625,25.0525,24.7675,,,,,,
2011-04-14 00:00:00,,,,24.91,25.305,24.8525,,,,0,9,9
2011-04-15 00:00:00,,,,25.1675,25.405,25.055,,,,,,
2011-04-18 00:00:00,,,,24.935,24.955,24.6175,,,,0,9,9
2011-04-19 00:00:00,,,,24.8475,25.225,24.835,,,,0,9,9
2011-04-20 00:00:00,,,,25.49,26.255,25.4875,,,,,,
2011-04-21 00:00:00,,,,25.8825,25.9675,25.6825,,,,,,
2011-04-25 00:00:00,,,,26.25,26.5375,25.9275,,,,0,10,8
2011-04-26 00:00:00,,,,25.93,26.2675,25.93,,,,,,
2011-04-27 00:00:00,,,,26.255,26.9375,26.255,,,,,,
2011-04-28 00:00:00,,,,26.895,27.2175,26.64,,,,0,10,8
2011-04-29 00:00:00,,,,25.6575,26.06,25.0525,,,,0,10,8
2011-05-02 00:00:00,,,,25.49,25.5,24.9325,,,,0,9,9
2011-05-03 00:00:00,,,,24.83,25.2375,24.57,,,,0,9,9
2011-05-04 00:00:00,,,,24.7075,24.8875,24.445,,,,,,
2011-05-05 00:00:00,,,,24.57,25.245,24.535,,,,,,
2011-05-06 00:00:00,,,,25.2875,25.3025,24.8925,,,,,,
2011-05-09 00:00:00,,,,25.0025,25.16,24.9225,,,,0,9,9
2011-05-10 00:00:00,,,,24.975,25.21,24.9475,,,,,,
2011-05-11 00:00:00,,,,25.1925,25.1925,24.8275,,,,,,
2011-05-12 00:00:00,,,,25.02,25.625,24.855,,,,,,
2011-05-13 00:00:00,,,,25.57,25.59,25.1875,,,,,,
2011-05-16 00:00:00,,,,25.235,25.365,25.1375,,,,0,9,9
2011-05-17 00:00:00,,,,25.115,25.275,24.8475,,,,,,
2011-05-18 00:00:00,,,,25.16,25.41,25.105,,,,,,
2011-05-19 00:00:00,,,,25.405,25.575,25.2725,,,,,,
2011-05-20 00:00:00,,,,25.375,25.375,24.1975,,,,0,9,9
2011-05-23 00:00:00,,,,24.13,24.51,24.125,,,,0,9,9
2011-05-24 00:00:00,,,,24.425,24.5875,24.3075,,,,,,
2011-05-25 00:00:00,,,,23.8275,24,23.5775,,,,,,
2011-05-26 00:00:00,,,,23.9975,24.5725,23.915,,,,,,
2011-05-27 00:00:00,,,,24.5575,24.77,24.5425,,,,0,9,9
2011-05-31 00:00:00,,,,24.9275,24.9875,24.7525,,,,0,9,9
2011-06-01 00:00:00,,,,24.935,25.115,24.27,,,,0,9,9
2011-06-02 00:00:00,,,,24.26,24.405,23.895,,,,,,
2011-06-03 00:00:00,,,,23.7375,24.175,23.7025,,,,0,9,10
2011-06-06 00:00:00,,,,23.6875,23.805,23.455,,,,0,9,10
2011-06-07 00:00:00,,,,23.5375,23.7825,23.45,,,,0,9,11
2011-06-08 00:00:00,,,,23.25,23.265,22.91,,,,,,
2011-06-09 00:00:00,,,,23.0125,23.495,23.0025,,,,0,9,11
2011-06-10 00:00:00,,,,23.25,23.4225,22.905,,,,,,
2011-06-13 00:00:00,,,,25.76,26.1125,25.0925,,,,0,9,10
2011-06-14 00:00:00,,,,25.655,25.745,25.215,,,,0,9,10
2011-06-15 00:00:00,,,,25.2025,25.41,25.0675,,,,0,9,10
2011-06-16 00:00:00,,,,25.1325,25.295,24.7975,,,,,,
2011-06-17 00:00:00,,,,25.58,26.0775,25.51,,,,0,9,10
2011-06-20 00:00:00,,,,25.595,26.385,25.595,,,,0,9,10
2011-06-21 00:00:00,,,,26.25,26.725,26.2375,,,,,,
2011-06-22 00:00:00,,,,26.3625,26.5275,26.1075,,,,,,
2011-06-23 00:00:00,,,,25.825,26.16,25.635,,,,,,
2011-06-24 00:00:00,,,,26.21,26.3475,25.995,,,,,,
2011-06-27 00:00:00,,,,26.25,26.5625,26.1475,,,,0,9,10
2011-06-28 00:00:00,,,,26.3875,26.7325,26.3525,,,,,,
2011-06-29 00:00:00,,,,26.82,27.0475,26.58,,,,,,
2011-06-30 00:00:00,,,,26.94,27.4275,26.9075,,,,,,
2011-07-01 00:00:00,,,,27.03,27.8925,27.03,,,,,,
2011-07-05 00:00:00,,,,27.83,27.98,27.5475,,,,0,9,10
2011-07-06 00:00:00,,,,27.5,27.9225,27.495,,,,,,
2011-07-07 00:00:00,,,,28.075,28.44,28.045,,,,,,
2011-07-08 00:00:00,,,,28.0325,28.33,27.9525,,,,0,9,10
2011-07-11 00:00:00,,,,28.0225,28.6275,27.9675,,,,0,9,10
2011-07-12 00:00:00,,,,28.42,29.2125,28.23,,,,,,
2011-07-13 00:00:00,,,,28.9125,29.27,28.6125,,,,0,9,10
2011-07-14 00:00:00,,,,28.88,28.88,28.1675,,,,0,9,10
2011-07-15 00:00:00,,,,28.3675,28.4875,27.91,,,,0,9,10
2011-07-18 00:00:00,,,,27.9625,28.475,27.95,,,,0,9,10
2011-07-19 00:00:00,,,,28.415,28.865,28.39,,,,0,9,10
2011-07-20 00:00:00,,,,28.9375,28.9375,28.42,,,,0,9,10
2011-07-21 00:00:00,,,,30.4,30.585,29.665,,,,0,9,10
2011-07-22 00:00:00,,,,30.215,30.305,29.9575,,,,0,9,10
2011-07-25 00:00:00,,,,29.8975,30.06,29.5975,,,,0,9,10
2011-07-26 00:00:00,,,,29.75,29.75,29.3125,,,,0,9,10
2011-07-27 00:00:00,,,,29.1575,29.2975,28.585,,,,,,
2011-07-28 00:00:00,,,,28.925,29.56,28.925,,,,0,9,10
2011-07-29 00:00:00,,,,29.0775,29.4825,28.82,,,,,,
2011-08-01 00:00:00,,,,29.485,29.5,28.7225,,,,0,9,10
2011-08-02 00:00:00,,,,28.8975,29.215,28.1575,,,,,,
2011-08-03 00:00:00,,,,28.2725,28.6775,27.5975,,,,,,
2011-08-04 00:00:00,,,,28.2325,28.37,27.26,,,,,,
2011-08-05 00:00:00,,,,27.5775,28.0075,26.7875,,,,,,
2011-08-08 00:00:00,,,,26.925,27.5975,25.6825,,,,0,9,10
2011-08-09 00:00:00,,,,26.12,27.3,25.4375,,,,0,9,10
2011-08-10 00:00:00,,,,26.8725,27.235,25.995,,,,,,
2011-08-11 00:00:00,,,,26.21,27.6825,25.9375,,,,0,9,10
2011-08-12 00:00:00,,,,27.3975,28.0075,27.22,,,,,,
2011-08-15 00:00:00,,,,27.925,28.35,27.6075,,,,0,9,10
2011-08-16 00:00:00,,,,28.2225,28.2275,27.8125,,,,,,
2011-08-17 00:00:00,,,,28.255,28.385,27.34,,,,,,
2011-08-18 00:00:00,,,,26.83,26.915,26.095,,,,0,9,10
2011-08-19 00:00:00,,,,26.22,27.115,26.04,,,,0,9,10
2011-08-22 00:00:00,,,,26.55,26.73,26.105,,,,0,9,10
2011-08-23 00:00:00,,,,26.6275,27.8975,26.35,,,,0,9,10
2011-08-24 00:00:00,,,,27.775,28.3825,27.675,,,,,,
2011-08-25 00:00:00,,,,28.42,28.5275,27.52,,,,,,
2011-08-26 00:00:00,,,,27.53,28.535,27.1275,,,,,,
2011-08-29 00:00:00,,,,28.6375,29.245,28.2425,,,,0,9,10
2011-08-30 00:00:00,,,,29.24,29.4625,28.98,,,,,,
2011-08-31 00:00:00,,,,29.4675,29.9475,29.0475,,,,0,9,10
2011-09-01 00:00:00,,,,29.3625,29.68,28.83,,,,,,
2011-09-02 00:00:00,,,,28.3075,28.4875,27.99,,,,,,
2011-09-06 00:00:00,,,,27.305,28.1125,26.8925,,,,0,9,10
2011-09-07 00:00:00,,,,28.36,29.08,28.1275,,,,0,10,10
2011-09-08 00:00:00,,,,28.96,29.9725,28.835,,,,,,
2011-09-09 00:00:00,,,,28.66,29.1875,28.0375,,,,,,
2011-09-12 00:00:00,,,,27.8275,28.8425,27.7975,,,,0,10,10
2011-09-13 00:00:00,,,,29.0975,29.8775,28.7775,,,,0,10,10
2011-09-14 00:00:00,,,,29.8925,30.9475,29.625,,,,0,10,10
2011-09-15 00:00:00,,,,30.65,31.3125,30.5275,,,,,,
2011-09-16 00:00:00,,,,31.17,31.385,30.82,,,,,,
2011-09-19 00:00:00,,,,30.7,31.8025,30.51,,,,0,10,10
2011-09-20 00:00:00,,,,31.735,32.4125,31.3125,,,,,,
2011-09-21 00:00:00,,,,31.4975,31.76,30.2175,,,,,,
2011-09-22 00:00:00,,,,29.35,30.1425,29.255,,,,,,
2011-09-23 00:00:00,,,,29.84,31.6125,29.76,,,,0,11,9
2011-09-26 00:00:00,,,,31.43,31.865,30.78,,,,0,11,10
2011-09-27 00:00:00,,,,32.5,33.2025,32.1275,,,,,,
2011-09-28 00:00:00,,,,32.5225,32.9275,31.575,,,,,,
2011-09-29 00:00:00,,,,32.3975,32.415,30.1575,,,,0,11,10
2011-09-30 00:00:00,,,,30.6925,31.525,30.38,,,,0,11,10
2011-10-03 00:00:00,,,,30,31.0375,29.42,,,,0,12,10
2011-10-04 00:00:00,,,,29.4475,30.9175,28.995,,,,0,12,10
2011-10-05 00:00:00,,,,31.045,31.655,30.2975,,,,,,
2011-10-06 00:00:00,,,,31.5925,32.25,31.24,,,,,,
2011-10-07 00:00:00,,,,32.1875,33.065,32.1575,,,,,,
2011-10-10 00:00:00,,,,32.985,33.4025,32.6825,,,,0,12,10
2011-10-11 00:00:00,,,,33.185,33.405,32.57,,,,0,12,10
2011-10-12 00:00:00,,,,33.0325,33.635,32.5575,,,,0,12,10
2011-10-13 00:00:00,,,,32.365,32.95,32.35,,,,,,
2011-10-14 00:00:00,,,,33.345,33.5,33.015,,,,0,12,10
2011-10-17 00:00:00,,,,33.3725,33.41,32.6175,,,,0,12,10
2011-10-18 00:00:00,,,,32.7375,33.445,31.765,,,,0,12,10
2011-10-19 00:00:00,,,,32.8175,33.06,32.1125,,,,0,12,10
2011-10-20 00:00:00,,,,32.395,33.0025,31.8775,,,,0,12,10
2011-10-21 00:00:00,,,,33.2,33.4925,32.59,,,,0,12,10
2011-10-24 00:00:00,,,,33.75,34.9075,33.16,,,,0,12,10
2011-10-25 00:00:00,,,,34.2375,34.32,33.1225,,,,0,12,10
2011-10-26 00:00:00,,,,34.14,34.14,33.17,,,,,,
2011-10-27 00:00:00,,,,34.375,34.9475,34.115,,,,0,12,9
2011-10-28 00:00:00,,,,34.375,35.145,34.27,,,,,,
2011-10-31 00:00:00,,,,34.7725,35.6175,34.555,,,,0,12,9
2011-11-01 00:00:00,,,,33.555,34.4025,33.5525,,,,,,
2011-11-02 00:00:00,,,,34.3825,34.8075,33.9825,,,,,,
2011-11-03 00:00:00,,,,34.945,35.33,33.8625,,,,,,
2011-11-04 00:00:00,,,,34.9,35.1925,34.0225,,,,0,12,9
2011-11-07 00:00:00,,,,34,34.415,33.44,,,,0,12,9
2011-11-08 00:00:00,,,,34.0825,34.19,33.3,,,,0,12,9
2011-11-09 00:00:00,,,,33.2075,33.3825,32.68,,,,,,
2011-11-10 00:00:00,,,,33.0625,33.3275,32.6725,,,,,,
2011-11-11 00:00:00,,,,33.625,34.3675,33.345,,,,0,12,9
2011-11-14 00:00:00,,,,33.925,34.18,33.76,,,,0,12,9
2011-11-15 00:00:00,,,,33.6525,34.3,33.6375,,,,,,
2011-11-16 00:00:00,,,,33.5925,34.1175,33.45,,,,,,
2011-11-17 00:00:00,,,,33.5125,33.725,32.7475,,,,,,
2011-11-18 00:00:00,,,,33.285,33.375,32.5625,,,,,,
2011-11-21 00:00:00,,,,32.6,32.71,32.005,,,,0,12,9
2011-11-22 00:00:00,,,,32.0975,32.3675,31.82,,,,,,
2011-11-23 00:00:00,,,,31.975,32.285,31.8425,,,,0,12,9
2011-11-25 00:00:00,,,,31.9025,32,31.5475,,,,,,
2011-11-28 00:00:00,,,,32.5,33.6225,32.5,,,,0,12,9
2011-11-29 00:00:00,,,,33.535,33.7175,33.155,,,,0,12,9
2011-11-30 00:00:00,,,,34.75,34.8475,34.215,,,,,,
2011-12-01 00:00:00,,,,34.39,34.885,34.2775,,,,,,
2011-12-02 00:00:00,,,,34.94,35.335,34.6125,,,,,,
2011-12-05 00:00:00,,,,35.14,35.5,34.905,,,,0,12,9
2011-12-06 00:00:00,,,,34.815,35,34.49,,,,,,
2011-12-07 00:00:00,,,,34.5575,34.705,34.005,,,,0,12,9
2011-12-08 00:00:00,,,,34.3425,34.89,33.6825,,,,,,
2011-12-09 00:00:00,,,,33.9725,34.215,33.3875,,,,,,
2011-12-12 00:00:00,,,,33.7475,33.89,33.2975,,,,0,12,9
2011-12-13 00:00:00,,,,34.1475,34.265,32.655,,,,,,
2011-12-14 00:00:00,,,,32.675,32.915,32.54,,,,,,
2011-12-15 00:00:00,,,,32.8325,32.875,32.305,,,,,,
2011-12-16 00:00:00,,,,32.9225,32.9225,31.8925,,,,,,
2011-12-19 00:00:00,,,,32.4,32.845,32.295,,,,0,12,9
2011-12-20 00:00:00,,,,32.7875,32.925,31.955,,,,,,
2011-12-21 00:00:00,,,,32.2375,32.2525,31.6125,,,,0,12,9
2011-12-22 00:00:00,,,,32.065,32.145,31.39,,,,,,
2011-12-23 00:00:00,,,,31.7475,32.28,31.7,,,,,,
2011-12-27 00:00:00,,,,32.32,32.71,32.1075,,,,0,12,9
2011-12-28 00:00:00,,,,32.625,32.77,32.21,,,,,,
2011-12-29 00:00:00,,,,32.095,32.33,31.75,,,,,,
2011-12-30 00:00:00,,,,31.985,32.17,31.735,,,,,,
2012-01-03 00:00:00,,,,32.7825,32.9775,32.3075,,,,0,13,8
2012-01-04 00:00:00,,,,32.4325,33.8875,32.405,,,,,,
2012-01-05 00:00:00,,,,33.75,33.8525,33.06,,,,0,13,8
2012-01-06 00:00:00,,,,33.83,33.83,33.38,,,,0,13,8
2012-01-09 00:00:00,,,,33.4975,33.7525,33.3025,,,,0,13,8
2012-01-10 00:00:00,,,,33.8275,33.8675,33.215,,,,,,
2012-01-11 00:00:00,,,,33.485,33.485,32.75,,,,,,
2012-01-12 00:00:00,,,,32.8075,33.295,32.7575,,,,,,
2012-01-13 00:00:00,,,,32.99,33.2675,32.9125,,,,,,
2012-01-17 00:00:00,,,,33.2425,33.2775,32.9725,,,,0,13,8
2012-01-18 00:00:00,,,,33.0475,33.43,32.5925,,,,0,13,8
2012-01-19 00:00:00,,,,33.33,33.6175,32.835,,,,,,
2012-01-20 00:00:00,,,,33.3575,33.5425,33.0775,,,,0,13,8
2012-01-23 00:00:00,,,,33.33,33.8875,32.915,,,,0,13,8
2012-01-24 00:00:00,,,,32.965,33.425,32.57,,,,0,13,8
2012-01-25 00:00:00,,,,33.15,33.58,32.92,,,,0,13,8
2012-01-26 00:00:00,,,,33.605,33.605,32.6275,,,,,,
2012-01-27 00:00:00,,,,32.77,32.9425,32.5425,,,,,,
2012-01-30 00:00:00,,,,32.5,32.9,32.25,,,,,,
2012-01-31 00:00:00,,,,32.78,33.1,32.735,,,,,,
2012-02-01 00:00:00,,,,33.04,33.2625,32.615,,,,0,13,8
2012-02-02 00:00:00,,,,32.53,32.8625,32.3175,,,,,,
2012-02-03 00:00:00,,,,32.72,33.4975,32.6825,,,,,,
2012-02-06 00:00:00,,,,33.3025,33.425,33.0175,,,,0,13,8
2012-02-07 00:00:00,,,,33.1525,33.9675,33.0625,,,,0,13,8
2012-02-08 00:00:00,,,,34.275,35.4675,34.25,,,,0,13,8
2012-02-09 00:00:00,,,,35,35.6225,34.9125,,,,,,
2012-02-10 00:00:00,,,,35.2325,35.5325,35.0325,,,,0,13,8
2012-02-13 00:00:00,,,,35.5625,35.6975,35.19,,,,0,13,8
2012-02-14 00:00:00,,,,35.3925,35.9175,35.27,,,,,,
2012-02-15 00:00:00,,,,36.015,36.655,35.775,,,,0,13,8
2012-02-16 00:00:00,,,,36,37.1825,35.98,,,,0,13,8
2012-02-17 00:00:00,,,,37.195,37.3675,36.5575,,,,0,13,8
2012-02-21 00:00:00,,,,36.7625,36.8075,35.9775,,,,0,13,8
2012-02-22 00:00:00,,,,36.1025,36.36,35.975,,,,0,13,8
2012-02-23 00:00:00,,,,36.2025,36.3375,35.8825,,,,,,
2012-02-24 00:00:00,,,,35.875,36.6375,35.8125,,,,0,13,8
2012-02-27 00:00:00,,,,36.3925,37.5,36.2925,,,,0,13,8
2012-02-28 00:00:00,,,,37.02,37.1475,36.63,,,,,,
2012-02-29 00:00:00,,,,36.865,36.8675,36.5125,,,,,,
2012-03-01 00:00:00,,,,36.8,36.9925,36.5725,,,,,,
2012-03-02 00:00:00,,,,36.805,36.9425,36.6675,,,,,,
2012-03-05 00:00:00,,,,36.695,36.8975,36.58,,,,0,13,8
2012-03-06 00:00:00,,,,36.4225,36.6175,36.16,,,,,,
2012-03-07 00:00:00,,,,36.2125,36.42,36.045,,,,,,
2012-03-08 00:00:00,,,,36.3175,36.815,36.3075,,,,0,13,8
2012-03-09 00:00:00,,,,36.775,36.845,36.445,,,,,,
2012-03-12 00:00:00,,,,36.3775,36.8725,36.2675,,,,0,13,8
2012-03-13 00:00:00,,,,36.8725,37.1325,36.655,,,,,,
2012-03-14 00:00:00,,,,37.025,37.1325,36.6075,,,,,,
2012-03-15 00:00:00,,,,36.7425,36.95,36.36,,,,0,13,8
2012-03-16 00:00:00,,,,36.8425,37.4625,36.83,,,,0,13,8
2012-03-19 00:00:00,,,,36.85,37.105,36.67,,,,,,
2012-03-20 00:00:00,,,,36.8525,37.2875,36.81,,,,,,
2012-03-21 00:00:00,,,,37.1875,37.455,37.0475,,,,,,
2012-03-22 00:00:00,,,,37.12,37.3625,36.89,,,,,,
2012-03-23 00:00:00,,,,37.13,37.3925,36.3725,,,,,,
2012-03-26 00:00:00,,,,37.0525,37.9525,37.0425,,,,0,13,8
2012-03-27 00:00:00,,,,38,38.0625,37.5725,,,,,,
2012-03-28 00:00:00,,,,37.6675,37.745,36.995,,,,,,
2012-03-29 00:00:00,,,,37.0925,37.16,36.7025,,,,0,13,8
2012-03-30 00:00:00,,,,37.33,37.425,36.485,,,,,,
2012-04-02 00:00:00,,,,36.2675,37.4925,36.2675,,,,0,13,8
2012-04-03 00:00:00,,,,37.1725,37.5425,36.97,,,,0,13,8
2012-04-04 00:00:00,,,,37.165,37.34,36.8825,,,,0,13,8
2012-04-05 00:00:00,,,,37.27,37.88,37.1075,,,,0,13,8
2012-04-09 00:00:00,,,,36.9125,37.37,36.91,,,,0,13,8
2012-04-10 00:00:00,,,,37.155,37.2475,36.04,,,,,,
2012-04-11 00:00:00,,,,36.455,36.655,36.2575,,,,,,
2012-04-12 00:00:00,,,,36.4775,36.7125,36.195,,,,0,13,9
2012-04-13 00:00:00,,,,36.5875,37.3525,36.5625,,,,,,
2012-04-16 00:00:00,,,,37.3625,37.6225,37.1425,,,,0,13,9
2012-04-17 00:00:00,,,,37.295,37.64,37.2425,,,,0,13,9
2012-04-18 00:00:00,,,,37.4,37.4125,37.1025,,,,0,13,8
2012-04-19 00:00:00,,,,37.275,37.565,37.0625,,,,0,13,8
2012-04-20 00:00:00,,,,37.4325,37.825,37.3375,,,,,,
2012-04-23 00:00:00,,,,37.3625,37.5725,36.95,,,,0,13,8
2012-04-24 00:00:00,,,,37.505,37.5875,36.6325,,,,0,13,8
2012-04-25 00:00:00,,,,37.1025,37.4675,36.9425,,,,,,
2012-04-26 00:00:00,,,,37.4825,38.585,37.4825,,,,,,
2012-04-27 00:00:00,,,,38.315,38.9375,37.625,,,,0,13,8
2012-04-30 00:00:00,,,,38.5925,38.715,37.9175,,,,0,13,8
2012-05-01 00:00:00,,,,38.24,38.57,37.73,,,,,,
2012-05-02 00:00:00,,,,38.305,39.0225,38.2125,,,,,,
2012-05-03 00:00:00,,,,38.8775,38.895,38.3075,,,,0,13,8
2012-05-04 00:00:00,,,,38.1,38.1275,37.0625,,,,,,
2012-05-07 00:00:00,,,,37.09,37.2825,36.7725,,,,0,13,8
2012-05-08 00:00:00,,,,36,36.05,34.605,,,,,,
2012-05-09 00:00:00,,,,34.935,35.4275,34.865,,,,,,
2012-05-10 00:00:00,,,,35.4475,35.6475,34.7925,,,,,,
2012-05-11 00:00:00,,,,34.74,35.1675,34.6275,,,,0,13,8
2012-05-14 00:00:00,,,,34.41,34.9125,34.21,,,,0,13,8
2012-05-15 00:00:00,,,,34.6075,34.91,34.335,,,,,,
2012-05-16 00:00:00,,,,34.525,34.72,34.185,,,,,,
2012-05-17 00:00:00,,,,34.4625,34.5875,33.36,,,,,,
2012-05-18 00:00:00,,,,33.5475,34.2025,33.3775,,,,,,
2012-05-21 00:00:00,,,,33.6375,34.3,33.365,,,,0,13,8
2012-05-22 00:00:00,,,,34.77,35.635,34.725,,,,0,14,7
2012-05-23 00:00:00,,,,34.765,35.2475,34.2425,,,,,,
2012-05-24 00:00:00,,,,35.3375,35.93,35.0075,,,,,,
2012-05-25 00:00:00,,,,35.5275,35.5525,35.0375,,,,0,14,7
2012-05-29 00:00:00,,,,35.4775,35.9175,35.2375,,,,0,14,7
2012-05-30 00:00:00,,,,35.5325,35.5825,35.1175,,,,0,14,7
2012-05-31 00:00:00,,,,35.17,35.3875,34.655,,,,,,
2012-06-01 00:00:00,,,,34.655,34.6575,33.4675,,,,,,
2012-06-04 00:00:00,,,,33.64,34.1325,33.375,,,,0,14,7
2012-06-05 00:00:00,,,,33.925,34.585,33.8025,,,,0,14,7
2012-06-06 00:00:00,,,,34.9175,34.93,34.5175,,,,0,14,7
2012-06-07 00:00:00,,,,35.2,35.25,34.4775,,,,,,
2012-06-08 00:00:00,,,,34.56,34.9375,34.29,,,,,,
2012-06-11 00:00:00,,,,35.2025,35.2075,34.495,,,,0,14,7
2012-06-12 00:00:00,,,,34.7375,35.085,34.4475,,,,,,
2012-06-13 00:00:00,,,,35,35.2175,34.3025,,,,0,14,7
2012-06-14 00:00:00,,,,34.865,35.5625,34.52,,,,0,14,7
2012-06-15 00:00:00,,,,35,35.255,34.6825,,,,0,14,7
2012-06-18 00:00:00,,,,35.015,35.3825,34.73,,,,0,14,7
2012-06-19 00:00:00,,,,35.675,36.11,35.49,,,,,,
2012-06-20 00:00:00,,,,35.6,35.9775,35.2675,,,,,,
2012-06-21 00:00:00,,,,35.6075,35.7725,34.8925,,,,0,14,7
2012-06-22 00:00:00,,,,35.35,35.92,35.005,,,,0,15,7
2012-06-25 00:00:00,,,,35.4875,35.5875,34.9425,,,,0,15,7
2012-06-26 00:00:00,,,,34.9275,35.305,34.555,,,,,,
2012-06-27 00:00:00,,,,34.84,35,34.2675,,,,,,
2012-06-28 00:00:00,,,,34.46,34.5125,33.14,,,,0,15,7
2012-06-29 00:00:00,,,,33.9425,34.37,33.285,,,,0,15,7
2012-07-02 00:00:00,,,,32.9175,33.3825,32.9175,,,,0,15,7
2012-07-03 00:00:00,,,,32.7725,33.1775,32.395,,,,0,15,7
2012-07-05 00:00:00,,,,33.205,33.8425,32.875,,,,,,
2012-07-06 00:00:00,,,,33.5025,33.75,33.3575,,,,0,15,7
2012-07-09 00:00:00,,,,33.7775,33.975,33.3,,,,0,15,7
2012-07-10 00:00:00,,,,34.52,35.3075,34.1275,,,,0,15,7
2012-07-11 00:00:00,,,,34.3275,34.3275,33.34,,,,0,15,7
2012-07-12 00:00:00,,,,33.67,34.27,33.4275,,,,0,15,7
2012-07-13 00:00:00,,,,34.3375,35.06,34.245,,,,,,
2012-07-16 00:00:00,,,,34.815,35.12,34.665,,,,0,15,7
2012-07-17 00:00:00,,,,34.8675,35.2425,34.8675,,,,0,15,7
2012-07-18 00:00:00,,,,35.0125,35.7525,34.745,,,,0,15,7
2012-07-19 00:00:00,,,,36.465,38.2175,36.465,,,,0,15,7
2012-07-20 00:00:00,,,,38.125,38.125,37.2775,,,,0,15,7
2012-07-23 00:00:00,,,,36.9575,37.6925,36.7675,,,,0,15,7
2012-07-24 00:00:00,,,,37.505,37.525,36.7925,,,,0,15,7
2012-07-25 00:00:00,,,,37.2725,37.37,36.62,,,,0,15,7
2012-07-26 00:00:00,,,,37.27,37.665,36.79,,,,0,15,7
2012-07-27 00:00:00,,,,37.36,37.7125,37.22,,,,0,15,6
2012-07-30 00:00:00,,,,37.6,37.8175,37.355,,,,,,
2012-07-31 00:00:00,,,,37.1675,37.5075,36.88,,,,,,
2012-08-01 00:00:00,,,,37.425,37.56,36.4025,,,,,,
2012-08-02 00:00:00,,,,36.345,37.0175,36.2125,,,,0,15,6
2012-08-03 00:00:00,,,,37.0225,37.3975,36.9025,,,,0,15,6
2012-08-06 00:00:00,,,,37.4075,37.5675,37.3275,,,,0,15,7
2012-08-07 00:00:00,,,,37.75,38.53,37.645,,,,0,15,7
2012-08-08 00:00:00,,,,37.4075,37.5375,37.345,,,,,,
2012-08-09 00:00:00,,,,37.34,37.4475,36.945,,,,0,15,7
2012-08-10 00:00:00,,,,37.2475,37.2475,36.615,,,,,,
2012-08-13 00:00:00,,,,36.75,37.395,36.6575,,,,0,15,7
2012-08-14 00:00:00,,,,37.6,37.87,37.31,,,,,,
2012-08-15 00:00:00,,,,37.35,37.485,37.235,,,,,,
2012-08-16 00:00:00,,,,37.2975,37.93,37.185,,,,0,15,7
2012-08-17 00:00:00,,,,37.7525,38.2775,37.67,,,,,,
2012-08-20 00:00:00,,,,38.3125,38.3425,37.2275,,,,0,15,7
2012-08-21 00:00:00,,,,37.6575,37.8325,37.3125,,,,,,
2012-08-22 00:00:00,,,,37.1475,37.355,36.9375,,,,0,15,7
2012-08-23 00:00:00,,,,37.26,37.2825,36.8775,,,,0,15,7
2012-08-24 00:00:00,,,,37.1,37.595,37.1,,,,,,
2012-08-27 00:00:00,,,,37.58,37.6125,37.2875,,,,0,15,7
2012-08-28 00:00:00,,,,37.5025,38.275,37.435,,,,,,
2012-08-29 00:00:00,,,,38.1375,38.355,38.015,,,,,,
2012-08-30 00:00:00,,,,38.075,38.165,37.5875,,,,0,15,7
2012-08-31 00:00:00,,,,38.2025,38.425,37.9625,,,,,,
2012-09-04 00:00:00,,,,38.1,38.1,37.6075,,,,0,15,7
2012-09-05 00:00:00,,,,37.9425,38.0275,37.6975,,,,,,
2012-09-06 00:00:00,,,,37.745,38.2375,37.655,,,,,,
2012-09-07 00:00:00,,,,38.21,38.4875,38.1675,,,,0,15,7
2012-09-10 00:00:00,,,,38.3825,39.0675,38.3575,,,,0,15,7
2012-09-11 00:00:00,,,,38.37,38.9475,38.235,,,,,,
2012-09-12 00:00:00,,,,39.0025,39.155,38.67,,,,,,
2012-09-13 00:00:00,,,,39.0075,40.5325,38.86,,,,0,15,7
2012-09-14 00:00:00,,,,40.25,41.0875,40.1625,,,,0,15,8
2012-09-17 00:00:00,,,,40.8925,40.915,40.4075,,,,0,15,8
2012-09-18 00:00:00,,,,40.8025,40.815,39.865,,,,0,15,8
2012-09-19 00:00:00,,,,40.0825,40.67,39.785,,,,0,15,8
2012-09-20 00:00:00,,,,40.1475,40.31,39.51,,,,0,15,8
2012-09-21 00:00:00,,,,40.1125,40.215,39.575,,,,,,
2012-09-24 00:00:00,,,,39.525,39.655,39.295,,,,0,15,8
2012-09-25 00:00:00,,,,39.7575,39.86,39.3875,,,,0,15,8
2012-09-26 00:00:00,,,,39.4475,39.95,39.395,,,,,,
2012-09-27 00:00:00,,,,39.9025,40.3025,39.6425,,,,0,15,8
2012-09-28 00:00:00,,,,39.875,39.945,39.225,,,,,,
2012-10-01 00:00:00,,,,39.765,40.2525,39.4825,,,,0,15,8
2012-10-02 00:00:00,,,,39.6575,40.3025,39.54,,,,,,
2012-10-03 00:00:00,,,,40.37,40.435,40.08,,,,,,
2012-10-04 00:00:00,,,,40.3325,40.96,40.3325,,,,0,15,8
2012-10-05 00:00:00,,,,40.9375,40.9975,40.48,,,,,,
2012-10-08 00:00:00,,,,40.5675,40.75,40.26,,,,0,15,8
2012-10-09 00:00:00,,,,40.3375,40.6125,39.955,,,,0,15,8
2012-10-10 00:00:00,,,,40.1025,40.37,39.8275,,,,,,
2012-10-11 00:00:00,,,,40.2425,40.32,39.995,,,,0,15,8
2012-10-12 00:00:00,,,,40.08,40.6425,40.0675,,,,0,15,7
2012-10-15 00:00:00,,,,40.4725,41.11,40.245,,,,0,15,7
2012-10-16 00:00:00,,,,41.055,42.08,41.055,,,,0,15,7
2012-10-17 00:00:00,,,,42.0575,42.455,41.8875,,,,0,15,7
2012-10-18 00:00:00,,,,42.2325,42.2575,41.765,,,,0,15,7
2012-10-19 00:00:00,,,,42.13,42.1875,41.42,,,,0,15,7
2012-10-22 00:00:00,,,,40.2475,40.6425,38.6275,,,,0,16,7
2012-10-23 00:00:00,,,,39.585,39.61,38.5225,,,,0,16,7
2012-10-24 00:00:00,,,,38.9725,39.1925,38.3003,,,,,,
2012-10-25 00:00:00,,,,39.4075,39.595,38.6775,,,,0,16,7
2012-10-26 00:00:00,,,,38.83,38.8725,38.26,,,,,,
2012-10-29 00:00:00,,,,,,,,,,0,16,7
2012-10-31 00:00:00,,,,39.12,39.95,38.7225,,,,0,16,7
2012-11-01 00:00:00,,,,39.595,40.15,39,,,,0,16,7
2012-11-02 00:00:00,,,,40.0375,40.3725,39.4875,,,,,,
2012-11-05 00:00:00,,,,39.4325,39.825,39.38,,,,0,16,7
2012-11-06 00:00:00,,,,39.59,40.1675,39.5075,,,,,,
2012-11-07 00:00:00,,,,39.8175,39.9575,39.0675,,,,,,
2012-11-08 00:00:00,,,,39.3975,39.3975,38.32,,,,0,16,7
2012-11-09 00:00:00,,,,38.29,38.795,38.19,,,,,,
2012-11-12 00:00:00,,,,38.6825,40.055,38.6825,,,,0,16,7
2012-11-13 00:00:00,,,,39.8175,39.8175,38.9975,,,,0,16,7
2012-11-14 00:00:00,,,,39.3325,39.6175,38.3775,,,,,,
2012-11-15 00:00:00,,,,38.545,39.0575,38.2525,,,,0,16,7
2012-11-16 00:00:00,,,,38.5075,39.065,38.3625,,,,,,
2012-11-19 00:00:00,,,,38.9875,39.575,38.9625,,,,0,15,8
2012-11-20 00:00:00,,,,39.18,39.4875,39.04,,,,0,15,8
2012-11-21 00:00:00,,,,39.5075,39.6675,39.0675,,,,,,
2012-11-23 00:00:00,,,,39.3425,39.6425,39.3075,,,,,,
2012-11-26 00:00:00,,,,39.5275,39.8325,38.8875,,,,0,15,8
2012-11-27 00:00:00,,,,38.145,39.365,38.145,,,,,,
2012-11-28 00:00:00,,,,38.9375,40.5625,38.9375,,,,0,15,8
2012-11-29 00:00:00,,,,40.6275,40.6275,40.0225,,,,0,15,8
2012-11-30 00:00:00,,,,40.495,40.495,39.825,,,,,,
2012-12-03 00:00:00,,,,40.435,40.5575,40.1775,,,,0,15,8
2012-12-04 00:00:00,,,,40.1625,40.1875,38.9425,,,,,,
2012-12-05 00:00:00,,,,39.0425,39.525,38.2325,,,,,,
2012-12-06 00:00:00,,,,38.485,38.6925,38.1725,,,,0,15,8
2012-12-07 00:00:00,,,,38.3,38.375,37.63,,,,0,15,7
2012-12-10 00:00:00,,,,38.075,38.13,36.7125,,,,0,15,7
2012-12-11 00:00:00,,,,37.26,37.8475,37.155,,,,,,
2012-12-12 00:00:00,,,,37.78,37.865,37.175,,,,,,
2012-12-13 00:00:00,,,,37.4225,37.57,36.755,,,,0,15,7
2012-12-14 00:00:00,,,,36.9425,37.4975,36.935,,,,,,
2012-12-17 00:00:00,,,,37.0375,37.79,36.9975,,,,0,15,7
2012-12-18 00:00:00,,,,37.91,38.325,37.815,,,,,,
2012-12-19 00:00:00,,,,38,38.465,37.7875,,,,,,
2012-12-20 00:00:00,,,,37.8525,37.8975,37.0975,,,,0,15,7
2012-12-21 00:00:00,,,,37.6275,37.7475,37.185,,,,0,15,7
2012-12-24 00:00:00,,,,37.425,37.615,37.2125,,,,0,15,7
2012-12-26 00:00:00,,,,37.52,37.6025,36.5375,,,,,,
2012-12-27 00:00:00,,,,37.0575,37.6425,36.89,,,,0,15,7
2012-12-28 00:00:00,,,,37.2975,37.6025,36.9525,,,,,,
2012-12-31 00:00:00,,,,36.915,37.8725,36.915,,,,,,
2013-01-02 00:00:00,,,,38.4375,38.5,36.795,,,,0,15,7
2013-01-03 00:00:00,,,,37.695,38.0625,37.565,,,,,,
2013-01-04 00:00:00,,,,37.9625,38.5,37.8125,,,,0,15,7
2013-01-07 00:00:00,,,,38.125,38.1325,37.0725,,,,0,14,8
2013-01-08 00:00:00,,,,37.275,37.685,37.1425,,,,0,14,8
2013-01-09 00:00:00,,,,37.395,37.5525,36.8125,,,,,,
2013-01-10 00:00:00,,,,37.035,37.73,36.865,,,,0,14,8
2013-01-11 00:00:00,,,,37.655,37.8075,37.245,,,,,,
2013-01-14 00:00:00,,,,37.2475,38.495,37.2475,,,,0,13,8
2013-01-15 00:00:00,,,,38.3375,38.9125,38.2225,,,,,,
2013-01-16 00:00:00,,,,38.21,38.6175,38.0775,,,,,,
2013-01-17 00:00:00,,,,38.295,38.295,37.17,,,,,,
2013-01-18 00:00:00,,,,37.6325,37.7375,36.835,,,,,,
2013-01-22 00:00:00,,,,37.08,37.2675,36.86,,,,0,13,7
2013-01-23 00:00:00,,,,36.8425,37.715,36.675,,,,0,13,7
2013-01-24 00:00:00,,,,37.65,37.6875,35.7,,,,0,13,7
2013-01-25 00:00:00,,,,36.46,37.3,36.275,,,,0,13,7
2013-01-28 00:00:00,,,,37.0275,37.1575,36.6575,,,,0,13,7
2013-01-29 00:00:00,,,,36.9975,36.9975,36.5975,,,,0,13,7
2013-01-30 00:00:00,,,,36.7725,36.9625,36.43,,,,0,13,7
2013-01-31 00:00:00,,,,36.5025,37.2125,36.5025,,,,0,13,7
2013-02-01 00:00:00,,,,37.145,37.2075,36.87,,,,,,
2013-02-04 00:00:00,,,,36.77,37.4325,36.7025,,,,0,13,7
2013-02-05 00:00:00,,,,36.9225,37.375,36.825,,,,0,13,7
2013-02-06 00:00:00,,,,37.275,38.27,37.2575,,,,0,13,7
2013-02-07 00:00:00,,,,37.815,38.615,37.6325,,,,0,13,7
2013-02-08 00:00:00,,,,38.495,38.6825,38.065,,,,0,13,7
2013-02-11 00:00:00,,,,38.1525,38.225,37.74,,,,0,13,7
2013-02-12 00:00:00,,,,38.12,38.48,38,,,,0,13,7
2013-02-13 00:00:00,,,,38.165,38.2545,37.8975,,,,0,13,7
2013-02-14 00:00:00,,,,37.97,38.3825,37.575,,,,0,13,7
2013-02-15 00:00:00,,,,38.585,39.8725,38.5125,,,,0,13,7
2013-02-18 00:00:00,,,,,,,,,,0,13,7
2013-02-19 00:00:00,,,,39.55,40.845,39.55,,,,0,14,6
2013-02-20 00:00:00,,,,40.935,40.935,40.0475,,,,0,14,6
2013-02-21 00:00:00,,,,39.875,40.1825,39.505,,,,0,14,6
2013-02-22 00:00:00,,,,39.9275,39.9275,39.2053,,,,,,
2013-02-25 00:00:00,,,,39.88,40.115,39.38,,,,0,14,6
2013-02-26 00:00:00,,,,39.625,39.715,39.1678,,,,,,
2013-02-27 00:00:00,,,,39.4075,40.2425,39.3675,,,,,,
2013-02-28 00:00:00,,,,40.1675,40.505,40.0275,,,,0,14,6
2013-03-01 00:00:00,,,,40.3125,40.3125,39.87,,,,,,
2013-03-04 00:00:00,,,,40.19,40.8625,40.19,,,,0,14,6
2013-03-05 00:00:00,,,,41,41.28,40.708,,,,0,14,6
2013-03-06 00:00:00,,,,40.8025,41.23,40.6325,,,,,,
2013-03-07 00:00:00,,,,40.855,41.02,40.3325,,,,0,14,6
2013-03-08 00:00:00,,,,40.6875,40.82,40.365,,,,,,
2013-03-11 00:00:00,,,,40.57,40.761,40.1725,,,,0,14,6
2013-03-12 00:00:00,,,,40.415,40.7875,40.24,,,,0,14,6
2013-03-13 00:00:00,,,,40.77,41.125,40.65,,,,,,
2013-03-14 00:00:00,,,,41.1475,41.4575,40.955,,,,0,14,6
2013-03-15 00:00:00,,,,40.9675,41.56,40.9,,,,,,
2013-03-18 00:00:00,,,,40.9875,41.2625,40.6175,,,,0,14,6
2013-03-19 00:00:00,,,,41.02,41.45,40.8425,,,,,,
2013-03-20 00:00:00,,,,41.625,41.705,41.3575,,,,,,
2013-03-21 00:00:00,,,,41.3825,41.61,41.2325,,,,,,
2013-03-22 00:00:00,,,,41.865,42.205,41.4625,,,,,,
2013-03-25 00:00:00,,,,41.7,41.875,40.82,,,,0,14,6
2013-03-26 00:00:00,,,,41.5575,41.5575,41.14,,,,,,
2013-03-27 00:00:00,,,,41.1675,41.51,41.1275,,,,,,
2013-03-28 00:00:00,,,,41.6175,42.145,41.4775,,,,0,15,6
2013-04-01 00:00:00,,,,41.94,41.945,41.1275,,,,0,15,6
2013-04-02 00:00:00,,,,41.4275,42.0575,41.4275,,,,,,
2013-04-03 00:00:00,,,,42.045,42.395,41.8725,,,,,,
2013-04-04 00:00:00,,,,42.125,42.4525,42.04,,,,,,
2013-04-05 00:00:00,,,,41.94,42.3575,41.5325,,,,0,15,6
2013-04-08 00:00:00,,,,42.2125,42.4925,42.09,,,,0,15,6
2013-04-09 00:00:00,,,,42.46,42.63,42.2,,,,0,15,6
2013-04-10 00:00:00,,,,42.365,43.285,42.365,,,,0,15,6
2013-04-11 00:00:00,,,,43.04,43.5675,42.6325,,,,0,15,6
2013-04-12 00:00:00,,,,42.6575,43.0275,42.4375,,,,,,
2013-04-15 00:00:00,,,,42.7925,42.8375,41.5675,,,,0,15,6
2013-04-16 00:00:00,,,,41.82,42.4875,41.65,,,,,,
2013-04-17 00:00:00,,,,42.28,42.7175,41.695,,,,,,
2013-04-18 00:00:00,,,,42.42,42.42,41.685,,,,0,15,6
2013-04-19 00:00:00,,,,42.0625,42.5675,42.025,,,,0,15,6
2013-04-22 00:00:00,,,,42.6275,43.48,42.6275,,,,0,16,5
2013-04-23 00:00:00,,,,43.325,43.66,43.14,,,,0,16,5
2013-04-24 00:00:00,,,,43.6475,43.7125,43.0725,,,,,,
2013-04-25 00:00:00,,,,43.7,44.7075,43.6475,,,,0,16,5
2013-04-26 00:00:00,,,,44.25,44.3375,42.7925,,,,0,16,5
2013-04-29 00:00:00,,,,43.7525,44.025,43.275,,,,0,16,5
2013-04-30 00:00:00,,,,43.7025,44.5675,43.5875,,,,,,
2013-05-01 00:00:00,,,,44.49,44.6825,43.665,,,,0,16,5
2013-05-02 00:00:00,,,,44.2075,44.2075,43.505,,,,0,16,6
2013-05-03 00:00:00,,,,44.125,44.5475,43.99,,,,0,16,6
2013-05-06 00:00:00,,,,44.325,44.5875,44.2025,,,,0,16,6
2013-05-07 00:00:00,,,,44.56,45,44.5375,,,,0,16,6
2013-05-08 00:00:00,,,,44.9875,45.345,44.64,,,,,,
2013-05-09 00:00:00,,,,45.245,45.465,44.9375,,,,0,16,6
2013-05-10 00:00:00,,,,45.2,45.83,45.2,,,,,,
2013-05-13 00:00:00,,,,45.6275,45.745,45.2275,,,,0,16,6
2013-05-14 00:00:00,,,,45.5725,46.2075,45.5725,,,,,,
2013-05-15 00:00:00,,,,46.055,46.7525,46.055,,,,,,
2013-05-16 00:00:00,,,,46.4175,46.44,45.2025,,,,0,16,6
2013-05-17 00:00:00,,,,45.3675,46.145,45.3675,,,,,,
2013-05-20 00:00:00,,,,45.9575,46.4575,45.935,,,,0,16,6
2013-05-21 00:00:00,,,,45.6225,46.6725,45.6225,,,,0,15,7
2013-05-22 00:00:00,,,,46.625,46.9625,46.0725,,,,0,15,7
2013-05-23 00:00:00,,,,45.4825,46.5275,45.4825,,,,0,15,7
2013-05-24 00:00:00,,,,46.0425,46.1075,45.505,,,,,,
2013-05-28 00:00:00,,,,46.5275,46.6825,45.99,,,,0,15,7
2013-05-29 00:00:00,,,,46.0375,46.4475,45.94,,,,,,
2013-05-30 00:00:00,,,,46.27,46.475,45.995,,,,,,
2013-05-31 00:00:00,,,,46.21,46.79,45.965,,,,0,15,7
2013-06-03 00:00:00,,,,45.9475,46.4175,45.5625,,,,0,15,7
2013-06-04 00:00:00,,,,46.46,46.8225,46.2575,,,,,,
2013-06-05 00:00:00,,,,46.37,46.8075,46.2325,,,,,,
2013-06-06 00:00:00,,,,46.015,46.2075,45.5525,,,,0,15,7
2013-06-07 00:00:00,,,,46.25,46.835,43.9375,,,,0,15,7
2013-06-10 00:00:00,,,,46.825,46.9875,46.5,,,,0,15,7
2013-06-11 00:00:00,,,,46.395,47.3825,46.3475,,,,0,15,7
2013-06-12 00:00:00,,,,47.395,47.4425,47.0525,,,,0,15,7
2013-06-13 00:00:00,,,,47.625,47.655,46.86,,,,0,15,7
2013-06-14 00:00:00,,,,47.04,47.135,46.6275,,,,0,15,7
2013-06-17 00:00:00,,,,47.125,47.3425,46.6925,,,,0,15,7
2013-06-18 00:00:00,,,,47.0725,47.695,46.95,,,,,,
2013-06-19 00:00:00,,,,47.645,48.27,47.645,,,,,,
2013-06-20 00:00:00,,,,47.8525,47.8525,46.5725,,,,0,15,7
2013-06-21 00:00:00,,,,47.1475,47.3125,46.1525,,,,0,14,7
2013-06-24 00:00:00,,,,46.1075,46.76,45.6125,,,,0,15,7
2013-06-25 00:00:00,,,,46.81,47.2475,46.605,,,,0,15,7
2013-06-26 00:00:00,,,,47.6925,47.9175,47.3325,,,,0,16,7
2013-06-27 00:00:00,,,,48,48.225,47.7375,,,,0,16,7
2013-06-28 00:00:00,,,,47.95,48.765,47.65,,,,,,
2013-07-01 00:00:00,,,,48.4825,49.2175,48.4275,,,,0,16,7
2013-07-02 00:00:00,,,,48.6425,49.035,48.0525,,,,0,16,7
2013-07-03 00:00:00,,,,47.775,48.5225,47.775,,,,,,
2013-07-05 00:00:00,,,,48.79,49.4,48.79,,,,,,
2013-07-08 00:00:00,,,,49.455,49.8675,49.085,,,,0,16,7
2013-07-09 00:00:00,,,,49.5675,49.7275,49.325,,,,0,16,7
2013-07-10 00:00:00,,,,49.5025,49.8225,49.195,,,,,,
2013-07-11 00:00:00,,,,49.8775,50.0175,49.675,,,,0,16,7
2013-07-12 00:00:00,,,,49.8625,50.1375,49.7125,,,,,,
2013-07-15 00:00:00,,,,49.8325,50.015,49.64,,,,0,16,7
2013-07-16 00:00:00,,,,49.8525,50.0375,49.5225,,,,0,16,7
2013-07-17 00:00:00,,,,49.64,49.845,49.2575,,,,0,16,7
2013-07-18 00:00:00,,,,49.4975,49.9575,49.2275,,,,0,16,7
2013-07-19 00:00:00,,,,49.7125,49.7125,48.565,,,,0,16,7
2013-07-22 00:00:00,,,,48.3875,49.07,48.3875,,,,0,15,8
2013-07-23 00:00:00,,,,48.8325,49.205,48.7225,,,,0,15,8
2013-07-24 00:00:00,,,,49.28,49.3875,48.97,,,,0,15,8
2013-07-25 00:00:00,,,,49.1475,49.495,48.9825,,,,0,15,8
2013-07-26 00:00:00,,,,49.085,49.8175,49,,,,,,
2013-07-29 00:00:00,,,,49.66,49.7175,49.1625,,,,0,15,8
2013-07-30 00:00:00,,,,49.5325,49.6875,49.3025,,,,,,
2013-07-31 00:00:00,,,,49.49,49.84,49.245,,,,,,
2013-08-01 00:00:00,,,,49.625,50.3675,49.2975,,,,0,15,8
2013-08-02 00:00:00,,,,50.1875,50.575,50,,,,0,15,8
2013-08-05 00:00:00,,,,50.28,50.5875,50.23,,,,0,16,7
2013-08-06 00:00:00,,,,50.1675,50.485,50.005,,,,,,
2013-08-07 00:00:00,,,,49.7475,50.175,49.5725,,,,0,16,7
2013-08-08 00:00:00,,,,49.935,50.005,49.685,,,,0,16,7
2013-08-09 00:00:00,,,,49.7,50.0375,49.455,,,,,,
2013-08-12 00:00:00,,,,49.47,49.7875,49.43,,,,,,
2013-08-13 00:00:00,,,,49.63,49.9175,49.3475,,,,,,
2013-08-14 00:00:00,,,,49.74,49.7875,48.9575,,,,,,
2013-08-15 00:00:00,,,,48.84,48.8575,48.07,,,,0,16,7
2013-08-16 00:00:00,,,,48.0025,48.4375,48.0025,,,,,,
2013-08-19 00:00:00,,,,48.055,48.3425,47.705,,,,0,16,7
2013-08-20 00:00:00,,,,47.785,48.245,47.4725,,,,0,16,7
2013-08-21 00:00:00,,,,47.835,48.24,47.5325,,,,0,16,7
2013-08-22 00:00:00,,,,47.7175,48.0125,47.13,,,,0,16,7
2013-08-23 00:00:00,,,,47.845,48.24,47.515,,,,0,16,7
2013-08-26 00:00:00,,,,47.8,47.95,47.225,,,,,,
2013-08-27 00:00:00,,,,46.9375,47.355,46.48,,,,,,
2013-08-28 00:00:00,,,,46.4525,46.8675,46.4525,,,,,,
2013-08-29 00:00:00,,,,46.645,47.0125,46.455,,,,0,16,7
2013-08-30 00:00:00,,,,46.89,47.1925,46.64,,,,,,
2013-09-03 00:00:00,,,,47.2,47.5375,47.06,,,,0,16,7
2013-09-04 00:00:00,,,,47.4525,48.24,47.4525,,,,,,
2013-09-05 00:00:00,,,,48.025,48.51,47.9075,,,,0,16,7
2013-09-06 00:00:00,,,,48.3,48.3,47.3625,,,,0,16,7
2013-09-09 00:00:00,,,,47.8575,48.1375,47.7275,,,,0,15,8
2013-09-10 00:00:00,,,,47.9875,48.0575,47.48,,,,0,15,8
2013-09-11 00:00:00,,,,48.005,48.24,47.73,,,,,,
2013-09-12 00:00:00,,,,48.1975,48.7,48.145,,,,0,15,8
2013-09-13 00:00:00,,,,48.6175,48.915,48.385,,,,,,
2013-09-16 00:00:00,,,,49.345,49.665,48.9375,,,,0,15,8
2013-09-17 00:00:00,,,,49.03,49.43,49.0275,,,,,,
2013-09-18 00:00:00,,,,49.3075,50.0775,48.915,,,,,,
2013-09-19 00:00:00,,,,50.1825,51.16,50.1825,,,,,,
2013-09-20 00:00:00,,,,51.1725,51.2075,50.49,,,,,,
2013-09-23 00:00:00,,,,50.755,50.755,50.08,,,,0,15,8
2013-09-24 00:00:00,,,,50.705,50.8575,50.4375,,,,,,
2013-09-25 00:00:00,,,,50.71,50.71,49.6725,,,,,,
2013-09-26 00:00:00,,,,49.93,50.185,49.6875,,,,,,
2013-09-27 00:00:00,,,,49.8975,49.9725,49.205,,,,,,
2013-09-30 00:00:00,,,,49.2875,49.85,49.2525,,,,0,15,8
2013-10-01 00:00:00,,,,49.9,49.9,49.385,,,,,,
2013-10-02 00:00:00,,,,48.57,49.925,48.465,,,,0,15,8
2013-10-03 00:00:00,,,,48.8975,49.5425,48.3475,,,,0,15,8
2013-10-04 00:00:00,,,,48.7475,49.2625,48.71,,,,0,15,8
2013-10-07 00:00:00,,,,48.785,49.0675,48.455,,,,0,15,8
2013-10-08 00:00:00,,,,48.4875,48.615,47.355,,,,0,15,8
2013-10-09 00:00:00,,,,47.61,48.365,47.3625,,,,,,
2013-10-10 00:00:00,,,,48.7325,48.9025,48.5625,,,,,,
2013-10-11 00:00:00,,,,48.6825,49.0375,48.38,,,,0,15,8
2013-10-14 00:00:00,,,,48.35,49.55,48.35,,,,0,15,8
2013-10-15 00:00:00,,,,49.345,49.515,48.9525,,,,0,15,8
2013-10-16 00:00:00,,,,49.42,50.3525,49.2975,,,,0,15,8
2013-10-17 00:00:00,,,,50.1475,50.8475,50.095,,,,0,15,8
2013-10-18 00:00:00,,,,50.7375,51.075,50.3625,,,,0,15,8
2013-10-21 00:00:00,,,,53.3625,53.575,52.59,,,,0,15,8
2013-10-22 00:00:00,,,,52.98,53.175,52.5875,,,,0,15,8
2013-10-23 00:00:00,,,,52.845,53.17,52.52,,,,0,15,8
2013-10-24 00:00:00,,,,53.1675,53.1725,52.675,,,,0,15,8
2013-10-25 00:00:00,,,,52.9075,53.25,52.66,,,,,,
2013-10-28 00:00:00,,,,53.05,54.1475,52.9725,,,,0,15,8
2013-10-29 00:00:00,,,,54.25,54.4225,53.875,,,,,,
2013-10-30 00:00:00,,,,54.0725,54.1625,53.3475,,,,,,
2013-10-31 00:00:00,,,,53.7775,54.03,53.305,,,,0,15,8
2013-11-01 00:00:00,,,,53.75,54.1625,53.75,,,,,,
2013-11-04 00:00:00,,,,54.175,54.715,54.0325,,,,0,15,8
2013-11-05 00:00:00,,,,54.67,55.0775,54.3,,,,,,
2013-11-06 00:00:00,,,,55.66,56.395,55.2575,,,,0,15,8
2013-11-07 00:00:00,,,,55.615,55.6175,54.19,,,,,,
2013-11-08 00:00:00,,,,54.2625,54.685,54.1225,,,,,,
2013-11-11 00:00:00,,,,54.75,54.9225,54.6725,,,,0,15,8
2013-11-12 00:00:00,,,,54.545,54.805,54.3475,,,,,,
2013-11-13 00:00:00,,,,54.3625,55.7625,54.3625,,,,,,
2013-11-14 00:00:00,,,,55.75,56.16,55.365,,,,0,15,8
2013-11-15 00:00:00,,,,56.0325,56.3975,55.84,,,,,,
2013-11-18 00:00:00,,,,56.375,56.7025,55.9925,,,,0,15,8
2013-11-19 00:00:00,,,,56.035,56.31,55.7975,,,,,,
2013-11-20 00:00:00,,,,56.25,56.6125,56.0025,,,,,,
2013-11-21 00:00:00,,,,56.36,56.36,55.86,,,,0,15,8
2013-11-22 00:00:00,,,,56.425,58.0825,56.2125,,,,0,15,8
2013-11-25 00:00:00,,,,58.2725,58.5975,58.125,,,,0,15,8
2013-11-26 00:00:00,,,,58.2475,58.91,58.2475,,,,,,
2013-11-27 00:00:00,,,,58.845,59.15,58.5875,,,,0,15,8
2013-11-29 00:00:00,,,,58.75,59.26,58.5525,,,,0,15,8
2013-12-02 00:00:00,,,,59.0475,59.545,58.7175,,,,0,15,8
2013-12-03 00:00:00,,,,58.7375,58.99,58.3475,,,,,,
2013-12-04 00:00:00,,,,58.4475,58.6,57.8975,,,,,,
2013-12-05 00:00:00,,,,58.3725,58.805,58.195,,,,0,15,8
2013-12-06 00:00:00,,,,58.81,58.9725,58.195,,,,,,
2013-12-09 00:00:00,,,,58.41,58.435,58.015,,,,0,16,8
2013-12-10 00:00:00,,,,58.1775,58.1775,57.155,,,,0,16,8
2013-12-11 00:00:00,,,,57.9525,58.1625,57.19,,,,,,
2013-12-12 00:00:00,,,,57.375,58.27,57.2375,,,,0,16,8
2013-12-13 00:00:00,,,,58.5,58.725,57.8325,,,,,,
2013-12-16 00:00:00,,,,58.7425,58.9225,58.445,,,,0,16,8
2013-12-17 00:00:00,,,,58.815,58.995,58.4875,,,,,,
2013-12-18 00:00:00,,,,58.9575,59.8925,58.525,,,,,,
2013-12-19 00:00:00,,,,59.78,60.0925,59.5125,,,,,,
2013-12-20 00:00:00,,,,59.825,61.4475,59.75,,,,,,
2013-12-23 00:00:00,,,,61.89,61.89,60.12,,,,0,16,8
2013-12-24 00:00:00,,,,61,61.34,60.74,,,,0,16,8
2013-12-26 00:00:00,,,,61.5,62.19,61.33,,,,,,
2013-12-27 00:00:00,,,,62.34,62.45,60.97,,,,0,16,8
2013-12-30 00:00:00,,,,61.7,62.28,61.62,,,,0,16,8
2013-12-31 00:00:00,,,,62.26,62.44,62.08,,,,0,16,8
2014-01-02 00:00:00,,,,62.98,63.41,62,,,,,,
2014-01-03 00:00:00,,,,62.29,62.49,61.74,,,,0,16,8
2014-01-06 00:00:00,,,,62.22,62.42,61.42,,,,0,16,8
2014-01-07 00:00:00,,,,61.97,62.28,61.62,,,,0,16,8
2014-01-08 00:00:00,,,,61.75,61.8,61.08,,,,0,15,8
2014-01-09 00:00:00,,,,61.93,62.37,61.47,,,,0,16,8
2014-01-10 00:00:00,,,,62.3,62.47,61.82,,,,0,16,8
2014-01-13 00:00:00,,,,62.03,62.19,59.97,,,,0,16,8
2014-01-14 00:00:00,,,,60.42,61.03,60.04,,,,0,16,8
2014-01-15 00:00:00,,,,60.5,60.88,60.16,,,,0,16,8
2014-01-16 00:00:00,,,,59.97,60.2,58.8,,,,0,17,8
2014-01-17 00:00:00,,,,60.08,60.3,58.79,,,,0,17,8
2014-01-21 00:00:00,,,,59.09,59.13,58.03,,,,0,17,8
2014-01-22 00:00:00,,,,59.04,59.16,58.86,,,,,,
2014-01-23 00:00:00,,,,58.54,58.77,57.94,,,,0,17,8
2014-01-24 00:00:00,,,,57.76,58.43,57.72,,,,0,16,9
2014-01-27 00:00:00,,,,57.69,58.29,57.61,,,,0,16,9
2014-01-28 00:00:00,,,,58,58.96,57.91,,,,0,16,9
2014-01-29 00:00:00,,,,58.38,58.8,57.49,,,,,,
2014-01-30 00:00:00,,,,59.11,59.95,58.97,,,,,,
2014-01-31 00:00:00,,,,58.57,58.8,58.29,,,,,,
2014-02-03 00:00:00,,,,58.44,58.44,56.36,,,,0,16,9
2014-02-04 00:00:00,,,,56.91,57.04,56.18,,,,0,16,9
2014-02-05 00:00:00,,,,56.35,56.54,55.32,,,,,,
2014-02-06 00:00:00,,,,56.23,57.6,55.53,,,,0,16,9
2014-02-07 00:00:00,,,,57.77,58.82,57.77,,,,0,16,9
2014-02-10 00:00:00,,,,58.58,59.27,58.58,,,,0,16,9
2014-02-11 00:00:00,,,,59.04,60.44,58.92,,,,0,16,9
2014-02-12 00:00:00,,,,60.62,60.82,59.19,,,,0,17,9
2014-02-13 00:00:00,,,,59.06,60,59,,,,0,17,9
2014-02-14 00:00:00,,,,56.08,57.1,55.18,,,,0,17,9
2014-02-17 00:00:00,,,,,,,,,,0,17,9
2014-02-18 00:00:00,,,,56.84,56.94,56.1,,,,0,17,9
2014-02-19 00:00:00,,,,56.42,57.2,56.38,,,,0,17,9
2014-02-20 00:00:00,,,,56.77,58.11,56.77,,,,0,17,9
2014-02-21 00:00:00,,,,57.99,58.76,57.99,,,,0,17,9
2014-02-24 00:00:00,,,,58.46,59.18,58.46,,,,,,
2014-02-25 00:00:00,,,,59,59.22,58.66,,,,0,17,9
2014-02-26 00:00:00,,,,59.27,60.24,59.14,,,,0,16,10
2014-02-27 00:00:00,,,,58.91,59.42,58.52,,,,0,16,10
2014-02-28 00:00:00,,,,58.83,58.94,58.21,,,,,,
2014-03-03 00:00:00,,,,57.91,58.64,57.89,,,,,,
2014-03-04 00:00:00,,,,59.29,59.977,59.28,,,,,,
2014-03-05 00:00:00,,,,59.86,60.17,59.551,,,,0,16,11
2014-03-06 00:00:00,,,,59.76,60.16,59.48,,,,,,
2014-03-07 00:00:00,,,,60.26,61.99,60.23,,,,,,
2014-03-10 00:00:00,,,,61.31,61.91,61.3,,,,0,16,11
2014-03-11 00:00:00,,,,61.79,61.94,61.27,,,,0,16,11
2014-03-12 00:00:00,,,,61.13,61.39,60.84,,,,,,
2014-03-13 00:00:00,,,,61.33,61.95,60.89,,,,0,16,11
2014-03-14 00:00:00,,,,60.91,61.71,60.66,,,,,,
2014-03-17 00:00:00,,,,61.17,62.49,61.17,,,,,,
2014-03-18 00:00:00,,,,62.35,63.04,62.12,,,,0,16,11
2014-03-19 00:00:00,,,,62.25,62.44,61.22,,,,,,
2014-03-20 00:00:00,,,,61.49,62.47,61.23,,,,0,16,11
2014-03-21 00:00:00,,,,62.81,63.21,62.23,,,,,,
2014-03-24 00:00:00,,,,62.43,62.83,61.6,,,,0,16,11
2014-03-25 00:00:00,,,,62.17,62.25,60.83,,,,,,
2014-03-26 00:00:00,,,,61.26,61.58,60.61,,,,,,
2014-03-27 00:00:00,,,,60.7,61.18,60.48,,,,0,16,11
2014-03-28 00:00:00,,,,61.05,61.69,60.76,,,,,,
2014-03-31 00:00:00,,,,61.96,62.21,61.7,,,,,,
2014-04-01 00:00:00,,,,62.07,62.825,61.94,,,,,,
2014-04-02 00:00:00,,,,62.25,62.97,62.2,,,,,,
2014-04-03 00:00:00,,,,62.72,62.86,61.39,,,,0,16,11
2014-04-04 00:00:00,,,,61.96,61.99,60.15,,,,0,16,11
2014-04-07 00:00:00,,,,60.3,60.52,59.26,,,,0,16,11
2014-04-08 00:00:00,,,,59.28,60.18,59.03,,,,0,16,11
2014-04-09 00:00:00,,,,59.25,59.39,58.2,,,,,,
2014-04-10 00:00:00,,,,59.11,59.91,58.31,,,,0,16,11
2014-04-11 00:00:00,,,,58.09,58.52,57.57,,,,,,
2014-04-14 00:00:00,,,,58.09,58.55,57.89,,,,0,16,11
2014-04-15 00:00:00,,,,58.5,59.23,58.18,,,,0,16,11
2014-04-16 00:00:00,,,,59.76,60.14,59.52,,,,0,16,11
2014-04-17 00:00:00,,,,60.03,60.47,59.77,,,,0,16,11
2014-04-21 00:00:00,,,,60.07,60.65,59.75,,,,0,17,10
2014-04-22 00:00:00,,,,60.22,60.44,59.71,,,,0,17,10
2014-04-23 00:00:00,,,,60.13,60.74,60.11,,,,0,17,10
2014-04-24 00:00:00,,,,60.57,60.57,59.57,,,,0,17,10
2014-04-25 00:00:00,,,,61.98,62.19,61.03,,,,0,17,10
2014-04-28 00:00:00,,,,61.89,62.23,59.71,,,,0,17,10
2014-04-29 00:00:00,,,,60.91,61.52,60.81,,,,0,17,10
2014-04-30 00:00:00,,,,61.19,61.32,60.71,,,,,,
2014-05-01 00:00:00,,,,61.1,61.53,60.58,,,,0,17,10
2014-05-02 00:00:00,,,,61.37,61.92,61.04,,,,0,17,10
2014-05-05 00:00:00,,,,60.96,61.5,60.49,,,,0,17,10
2014-05-06 00:00:00,,,,61.25,61.56,60.89,,,,,,
2014-05-07 00:00:00,,,,61.29,61.3,60.18,,,,0,17,10
2014-05-08 00:00:00,,,,60.98,62.14,60.75,,,,0,17,10
2014-05-09 00:00:00,,,,61.42,61.87,60.61,,,,0,17,10
2014-05-12 00:00:00,,,,62.04,63.04,61.77,,,,0,17,10
2014-05-13 00:00:00,,,,63.4,63.98,63.36,,,,0,18,9
2014-05-14 00:00:00,,,,63.6,63.74,62.97,,,,0,18,9
2014-05-15 00:00:00,,,,62.76,62.76,61.81,,,,0,18,9
2014-05-16 00:00:00,,,,62.29,62.79,62.01,,,,,,
2014-05-19 00:00:00,,,,62.68,63.36,62.68,,,,0,18,9
2014-05-20 00:00:00,,,,62.79,62.91,61.82,,,,,,
2014-05-21 00:00:00,,,,62.1,62.4,61.82,,,,,,
2014-05-22 00:00:00,,,,62.19,62.54,61.96,,,,0,18,9
2014-05-23 00:00:00,,,,62.53,62.8,62.41,,,,,,
2014-05-27 00:00:00,,,,63.11,63.46,62.79,,,,0,18,9
2014-05-28 00:00:00,,,,63,63.05,62.28,,,,,,
2014-05-29 00:00:00,,,,62.94,62.94,62.49,,,,0,18,9
2014-05-30 00:00:00,,,,62.79,63.39,62.65,,,,,,
2014-06-02 00:00:00,,,,63.1,63.58,62.82,,,,0,18,9
2014-06-03 00:00:00,,,,63.41,63.545,63.09,,,,0,18,9
2014-06-04 00:00:00,,,,63.4,63.84,63.06,,,,0,18,9
2014-06-05 00:00:00,,,,63.45,64.05,62.8,,,,0,18,9
2014-06-06 00:00:00,,,,63.99,64.05,63.34,,,,0,18,9
2014-06-09 00:00:00,,,,63.4,63.7,63.38,,,,0,18,9
2014-06-10 00:00:00,,,,63.49,63.64,63.15,,,,0,18,9
2014-06-11 00:00:00,,,,62.94,63.06,62.6,,,,0,18,9
2014-06-12 00:00:00,,,,62.59,62.715,61.79,,,,0,18,9
2014-06-13 00:00:00,,,,61.9,61.9,61.45,,,,,,
2014-06-16 00:00:00,,,,61.37,62.14,61.33,,,,,,
2014-06-17 00:00:00,,,,61.39,62.09,61.39,,,,0,18,9
2014-06-18 00:00:00,,,,61.99,62.48,61.6,,,,,,
2014-06-19 00:00:00,,,,62.47,62.5,61.78,,,,0,18,9
2014-06-20 00:00:00,,,,62.41,62.43,62,,,,0,18,9
2014-06-23 00:00:00,,,,62.28,62.71,62.04,,,,0,18,9
2014-06-24 00:00:00,,,,62.51,62.96,62.2,,,,0,18,9
2014-06-25 00:00:00,,,,62.05,62.97,62.05,,,,0,18,9
2014-06-26 00:00:00,,,,62.83,62.86,62.16,,,,0,18,9
2014-06-27 00:00:00,,,,62.38,62.9,62.31,,,,0,18,9
2014-06-30 00:00:00,,,,62.74,63.09,62.56,,,,0,18,9
2014-07-01 00:00:00,,,,63.03,63.63,62.99,,,,,,
2014-07-02 00:00:00,,,,63.22,63.46,62.92,,,,0,18,9
2014-07-03 00:00:00,,,,63.07,63.55,63.05,,,,0,18,9
2014-07-07 00:00:00,,,,62.95,63.4,62.91,,,,,,
2014-07-08 00:00:00,,,,62.98,63.01,62.37,,,,,,
2014-07-09 00:00:00,,,,62.7,63.35,62.6,,,,0,18,9
2014-07-10 00:00:00,,,,62.64,63.19,62.25,,,,0,18,9
2014-07-11 00:00:00,,,,62.8,62.91,62.09,,,,,,
2014-07-14 00:00:00,,,,62.5,63.28,62.35,,,,0,18,9
2014-07-15 00:00:00,,,,62.26,62.74,62.16,,,,0,18,9
2014-07-16 00:00:00,,,,62.78,63.06,62.15,,,,0,18,9
2014-07-17 00:00:00,,,,62.36,62.69,61.6,,,,0,18,9
2014-07-18 00:00:00,,,,61.69,61.81,60.12,,,,0,18,9
2014-07-21 00:00:00,,,,60.9,60.99,60.63,,,,0,18,9
2014-07-22 00:00:00,,,,60.83,60.95,60.44,,,,0,18,9
2014-07-23 00:00:00,,,,60.74,61.29,60.66,,,,,,
2014-07-24 00:00:00,,,,61.6,62.87,61.6,,,,0,18,9
2014-07-25 00:00:00,,,,62.26,62.65,61.67,,,,,,
2014-07-28 00:00:00,,,,61.82,62.07,61.55,,,,0,18,9
2014-07-29 00:00:00,,,,62,62.21,61.47,,,,,,
2014-07-30 00:00:00,,,,61.68,62.47,61.56,,,,,,
2014-07-31 00:00:00,,,,62.05,62.25,61.22,,,,0,18,9
2014-08-01 00:00:00,,,,60.73,61.48,60.54,,,,,,
2014-08-04 00:00:00,,,,60.59,61.47,59.82,,,,0,18,9
2014-08-05 00:00:00,,,,61.08,61.53,60.59,,,,0,18,9
2014-08-06 00:00:00,,,,60.8,61.81,60.64,,,,0,18,9
2014-08-07 00:00:00,,,,62,62.19,61.49,,,,,,
2014-08-08 00:00:00,,,,61.85,62.53,61.49,,,,0,18,9
2014-08-11 00:00:00,,,,62.67,62.85,62.49,,,,0,18,9
2014-08-12 00:00:00,,,,62.68,62.86,62.06,,,,,,
2014-08-13 00:00:00,,,,62.16,62.23,61.57,,,,,,
2014-08-14 00:00:00,,,,61.93,62,61.56,,,,0,18,9
2014-08-15 00:00:00,,,,62.24,62.41,61.11,,,,,,
2014-08-18 00:00:00,,,,62.01,62.51,61.91,,,,0,18,9
2014-08-19 00:00:00,,,,62.69,62.86,62.48,,,,,,
2014-08-20 00:00:00,,,,62.7,63.61,62.52,,,,0,18,9
2014-08-21 00:00:00,,,,63.54,63.74,63.27,,,,0,18,9
2014-08-22 00:00:00,,,,63.5,64.1,63.37,,,,0,18,9
2014-08-25 00:00:00,,,,64.12,64.43,63.95,,,,0,18,9
2014-08-26 00:00:00,,,,64.5,64.73,64.24,,,,,,
2014-08-27 00:00:00,,,,64.45,64.63,63.94,,,,,,
2014-08-28 00:00:00,,,,63.9,64.07,63.5,,,,0,18,9
2014-08-29 00:00:00,,,,63.83,64.13,63.56,,,,0,18,9
2014-09-02 00:00:00,,,,64.14,64.67,64.05,,,,,,
2014-09-03 00:00:00,,,,64.72,64.83,64.3,,,,0,18,9
2014-09-04 00:00:00,,,,64.89,65.6,64.86,,,,0,18,9
2014-09-05 00:00:00,,,,64.88,65.35,64.4,,,,0,18,9
2014-09-08 00:00:00,,,,65.32,65.79,64.89,,,,0,18,9
2014-09-09 00:00:00,,,,65.32,65.36,64.67,,,,,,
2014-09-10 00:00:00,,,,64.79,64.92,64.22,,,,0,18,9
2014-09-11 00:00:00,,,,64.73,65.18,64.5,,,,0,18,10
2014-09-12 00:00:00,,,,64.9,66.07,64.89,,,,,,
2014-09-15 00:00:00,,,,65.8,66.24,65.58,,,,0,17,10
2014-09-16 00:00:00,,,,65.91,66.63,65.8,,,,,,
2014-09-17 00:00:00,,,,66.7,66.7,65.71,,,,0,17,10
2014-09-18 00:00:00,,,,66.92,67.21,66.42,,,,0,17,10
2014-09-19 00:00:00,,,,67.78,67.81,67.08,,,,0,18,9
2014-09-22 00:00:00,,,,67.09,67.4,66.55,,,,0,18,9
2014-09-23 00:00:00,,,,66.72,66.92,66.22,,,,0,18,9
2014-09-24 00:00:00,,,,66.23,66.87,65.87,,,,,,
2014-09-25 00:00:00,,,,66.62,66.64,65.515,,,,,,
2014-09-26 00:00:00,,,,65.89,66.4,65.77,,,,,,
2014-09-29 00:00:00,,,,65.63,66.28,65.63,,,,0,18,9
2014-09-30 00:00:00,,,,66.09,66.38,65.81,,,,,,
2014-10-01 00:00:00,,,,66.08,66.21,65.56,,,,0,18,9
2014-10-02 00:00:00,,,,65.99,66.71,65.42,,,,0,19,8
2014-10-03 00:00:00,,,,67,67.46,66.87,,,,0,19,8
2014-10-06 00:00:00,,,,67.43,67.46,66.4,,,,0,19,8
2014-10-07 00:00:00,,,,66.03,66.36,65.66,,,,,,
2014-10-08 00:00:00,,,,65.87,66.76,65.79,,,,,,
2014-10-09 00:00:00,,,,66.69,66.75,64.86,,,,0,19,8
2014-10-10 00:00:00,,,,65.14,65.64,64.54,,,,0,19,8
2014-10-13 00:00:00,,,,64.6,64.84,63.654,,,,0,19,8
2014-10-14 00:00:00,,,,63.86,64.27,63.57,,,,0,19,8
2014-10-15 00:00:00,,,,62.72,63.19,61.75,,,,0,19,8
2014-10-16 00:00:00,,,,61.9,64.165,61.86,,,,0,19,8
2014-10-17 00:00:00,,,,64.36,64.57,63.75,,,,0,19,8
2014-10-20 00:00:00,,,,64.23,64.42,62.5,,,,0,19,8
2014-10-21 00:00:00,,,,64.44,66.718,64.44,,,,0,19,8
2014-10-22 00:00:00,,,,66.85,67.58,66.65,,,,,,
2014-10-23 00:00:00,,,,67.05,67.63,66.13,,,,0,19,8
2014-10-24 00:00:00,,,,66.09,66.81,66,,,,0,19,8
2014-10-27 00:00:00,,,,66.5,67.12,66.15,,,,0,19,8
2014-10-28 00:00:00,,,,67.15,67.49,66.88,,,,,,
2014-10-29 00:00:00,,,,67.32,67.73,66.56,,,,,,
2014-10-30 00:00:00,,,,66.77,67.72,66.68,,,,0,19,8
2014-10-31 00:00:00,,,,68,68.29,67.43,,,,,,
2014-11-03 00:00:00,,,,67.84,68,67.53,,,,0,19,8
2014-11-04 00:00:00,,,,67.85,68.03,67.24,,,,,,
2014-11-05 00:00:00,,,,68.43,68.75,68.23,,,,,,
2014-11-06 00:00:00,,,,68.5,68.98,68.34,,,,0,19,8
2014-11-07 00:00:00,,,,68.69,69.85,68.55,,,,0,19,8
2014-11-10 00:00:00,,,,69.84,70.74,69.76,,,,,,
2014-11-11 00:00:00,,,,70.73,70.86,70.18,,,,0,19,8
2014-11-12 00:00:00,,,,70.74,71.53,70.47,,,,0,18,9
2014-11-13 00:00:00,,,,71.56,71.66,70.89,,,,0,18,9
2014-11-14 00:00:00,,,,71.16,71.44,70.93,,,,0,18,9
2014-11-17 00:00:00,,,,70.96,71.59,70.7,,,,0,19,9
2014-11-18 00:00:00,,,,71.5,72.8,71.36,,,,,,
2014-11-19 00:00:00,,,,72.39,72.86,72.07,,,,,,
2014-11-20 00:00:00,,,,72.21,73.5,72.21,,,,,,
2014-11-21 00:00:00,,,,74.35,74.35,73.505,,,,0,19,9
2014-11-24 00:00:00,,,,73.89,74.24,73.34,,,,0,19,9
2014-11-25 00:00:00,,,,74.01,74.35,73.65,,,,,,
2014-11-26 00:00:00,,,,74.06,74.32,73.82,,,,0,19,9
2014-11-28 00:00:00,,,,75,75.4,74.83,,,,,,
2014-12-01 00:00:00,,,,74.38,74.65,73.54,,,,0,19,9
2014-12-02 00:00:00,,,,74.3,74.5,73.65,,,,0,19,9
2014-12-03 00:00:00,,,,73.97,74.64,73.92,,,,,,
2014-12-04 00:00:00,,,,74.37,74.72,73.95,,,,0,19,9
2014-12-05 00:00:00,,,,73.95,74.26,73.37,,,,0,19,9
2014-12-08 00:00:00,,,,73.71,73.84,73,,,,0,19,9
2014-12-09 00:00:00,,,,72.76,73.4,72,,,,0,19,9
2014-12-10 00:00:00,,,,73.24,73.4,72.55,,,,,,
2014-12-11 00:00:00,,,,72.94,73.96,72.78,,,,,,
2014-12-12 00:00:00,,,,73.01,73.9,72.65,,,,,,
2014-12-15 00:00:00,,,,72.99,73.5,71.86,,,,0,19,9
2014-12-16 00:00:00,,,,72.29,72.57,71.27,,,,,,
2014-12-17 00:00:00,,,,71.55,73.33,71.55,,,,,,
2014-12-18 00:00:00,,,,73.75,74.61,73.46,,,,0,19,9
2014-12-19 00:00:00,,,,74.66,74.71,73.12,,,,,,
2014-12-22 00:00:00,,,,73.52,74.09,73.39,,,,0,19,9
2014-12-23 00:00:00,,,,74.15,75.07,74.07,,,,,,
2014-12-24 00:00:00,,,,74.73,74.79,74.39,,,,,,
2014-12-26 00:00:00,,,,74.77,75.33,74.66,,,,,,
2014-12-29 00:00:00,,,,74.73,75.9,74.73,,,,0,19,9
2014-12-30 00:00:00,,,,75.09,75.549,74.82,,,,0,19,9
2014-12-31 00:00:00,,,,75.56,75.99,74.89,,,,,,
2015-01-02 00:00:00,,,,75.19,75.4,73.13,,,,,,
2015-01-05 00:00:00,,,,73.35,73.76,72.84,,,,0,19,9
2015-01-06 00:00:00,,,,73.21,73.75,72.23,,,,0,19,9
2015-01-07 00:00:00,,,,73.18,73.84,72.93,,,,0,19,9
2015-01-08 00:00:00,,,,74.28,75.33,74.28,,,,0,19,9
2015-01-09 00:00:00,,,,75.47,75.74,74.61,,,,0,19,9
2015-01-12 00:00:00,,,,75.45,75.96,75,,,,0,19,9
2015-01-13 00:00:00,,,,75.78,76.87,74.54,,,,,,
2015-01-14 00:00:00,,,,73.8,74.74,73.54,,,,0,19,9
2015-01-15 00:00:00,,,,74.09,74.55,71.87,,,,0,19,9
2015-01-16 00:00:00,,,,71.93,72.62,71.38,,,,0,19,9
2015-01-20 00:00:00,,,,72.21,72.89,71.28,,,,0,19,9
2015-01-21 00:00:00,,,,71.35,72.11,71.27,,,,,,
2015-01-22 00:00:00,,,,71.97,72.56,71.59,,,,0,19,9
2015-01-23 00:00:00,,,,72.2,72.22,71.06,,,,0,19,9
2015-01-26 00:00:00,,,,70.8,71.75,70.58,,,,0,19,9
2015-01-27 00:00:00,,,,70.89,71.33,70.05,,,,0,19,9
2015-01-28 00:00:00,,,,71.7,72.26,71,,,,,,
2015-01-29 00:00:00,,,,71.3,71.83,70.67,,,,0,19,9
2015-01-30 00:00:00,,,,69.92,70.98,69.29,,,,0,20,8
2015-02-02 00:00:00,,,,68.46,69.34,68.29,,,,0,20,8
2015-02-03 00:00:00,,,,69.95,71.19,69.7,,,,0,19,9
2015-02-04 00:00:00,,,,69.68,70.1,68.17,,,,0,20,8
2015-02-05 00:00:00,,,,69.36,70.33,69.23,,,,0,20,8
2015-02-06 00:00:00,,,,70.63,70.78,69.24,,,,0,20,8
2015-02-09 00:00:00,,,,69.07,69.08,67.86,,,,0,20,8
2015-02-10 00:00:00,,,,69.38,70.04,69.17,,,,0,20,8
2015-02-11 00:00:00,,,,69.52,70.17,69.52,,,,0,20,8
2015-02-12 00:00:00,,,,70.27,71.26,70.23,,,,0,19,9
2015-02-13 00:00:00,,,,72.69,75.72,72.44,,,,0,19,9
2015-02-16 00:00:00,,,,,,,,,,0,19,9
2015-02-17 00:00:00,,,,74.89,75.91,74.24,,,,0,20,8
2015-02-18 00:00:00,,,,75.14,75.71,75,,,,0,20,8
2015-02-19 00:00:00,,,,75.36,75.44,74.43,,,,0,20,8
2015-02-20 00:00:00,,,,74.44,75.83,74.25,,,,,,
2015-02-23 00:00:00,,,,75.85,76.31,75.66,,,,0,20,8
2015-02-24 00:00:00,,,,76.24,76.67,76.11,,,,0,20,8
2015-02-25 00:00:00,,,,76.51,77.82,76.51,,,,0,19,9
2015-02-26 00:00:00,,,,77.39,77.54,76.71,,,,,,
2015-02-27 00:00:00,,,,76.76,76.95,76.52,,,,,,
2015-03-02 00:00:00,,,,76.53,77.42,76.36,,,,0,19,9
2015-03-03 00:00:00,,,,76.76,77.05,76.235,,,,0,19,9
2015-03-04 00:00:00,,,,76.59,76.79,76,,,,,,
2015-03-05 00:00:00,,,,76.82,76.82,75.96,,,,0,19,9
2015-03-06 00:00:00,,,,75.47,75.55,74.33,,,,0,20,8
2015-03-09 00:00:00,,,,74.7,75.27,74.5,,,,0,20,8
2015-03-10 00:00:00,,,,74.18,74.56,73.91,,,,0,20,8
2015-03-11 00:00:00,,,,74.02,74.2,72.57,,,,,,
2015-03-12 00:00:00,,,,73.26,73.4,72.73,,,,0,20,8
2015-03-13 00:00:00,,,,73.34,73.74,72.48,,,,0,19,8
2015-03-16 00:00:00,,,,73.26,73.5,72.92,,,,0,19,8
2015-03-17 00:00:00,,,,72.92,73.34,72.72,,,,0,19,7
2015-03-18 00:00:00,,,,72.92,74.13,72.25,,,,,,
2015-03-19 00:00:00,,,,73.91,74.2,73.53,,,,0,19,7
2015-03-20 00:00:00,,,,74.29,75.35,74.1,,,,,,
2015-03-23 00:00:00,,,,75.38,76.48,75.26,,,,0,19,7
2015-03-24 00:00:00,,,,75.92,75.92,75.15,,,,,,
2015-03-25 00:00:00,,,,75.4,75.57,74.07,,,,0,19,7
2015-03-26 00:00:00,,,,73.66,74.29,73.05,,,,0,19,7
2015-03-27 00:00:00,,,,74.05,74.73,73.89,,,,,,
2015-03-30 00:00:00,,,,74.63,75.37,74.63,,,,0,19,7
2015-03-31 00:00:00,,,,75.03,75.77,75.01,,,,,,
2015-04-01 00:00:00,,,,75.38,75.38,74.25,,,,0,19,7
2015-04-02 00:00:00,,,,75.01,75.64,74.92,,,,0,19,7
2015-04-06 00:00:00,,,,74.82,76.18,74.82,,,,,,
2015-04-07 00:00:00,,,,75.77,76.03,75.35,,,,0,19,7
2015-04-08 00:00:00,,,,75.69,76.04,75.04,,,,0,19,7
2015-04-09 00:00:00,,,,75.66,75.94,74.95,,,,,,
2015-04-10 00:00:00,,,,75.28,75.625,74.9,,,,,,
2015-04-13 00:00:00,,,,75.47,75.82,74.88,,,,0,19,7
2015-04-14 00:00:00,,,,74.89,75.04,74.32,,,,,,
2015-04-15 00:00:00,,,,75.04,75.53,74.46,,,,0,19,7
2015-04-16 00:00:00,,,,74.49,74.89,74.39,,,,0,19,7
2015-04-17 00:00:00,,,,74.06,74.31,73.53,,,,0,19,7
2015-04-20 00:00:00,,,,74.26,74.57,73.78,,,,0,19,7
2015-04-21 00:00:00,,,,74.39,74.58,74.04,,,,,,
2015-04-22 00:00:00,,,,74.55,74.55,73.61,,,,,,
2015-04-23 00:00:00,,,,73.82,74.37,73.62,,,,,,
2015-04-24 00:00:00,,,,74.17,74.17,73.67,,,,0,19,7
2015-04-27 00:00:00,,,,73.95,74.2,73.32,,,,0,19,7
2015-04-28 00:00:00,,,,73.34,73.56,72.71,,,,,,
2015-04-29 00:00:00,,,,73.33,73.36,72.6,,,,0,19,7
2015-04-30 00:00:00,,,,73,73.43,72.2,,,,,,
2015-05-01 00:00:00,,,,72.71,72.71,69.37,,,,0,19,7
2015-05-04 00:00:00,,,,72.34,72.451,71.02,,,,0,19,7
2015-05-05 00:00:00,,,,71.36,72.09,71.26,,,,,,
2015-05-06 00:00:00,,,,71.45,71.64,70.42,,,,0,19,7
2015-05-07 00:00:00,,,,70.63,71.19,70.61,,,,0,20,7
2015-05-08 00:00:00,,,,71.61,72.31,71.6,,,,,,
2015-05-11 00:00:00,,,,71.94,72.25,71.65,,,,0,20,7
2015-05-12 00:00:00,,,,71.32,71.54,70.67,,,,0,20,7
2015-05-13 00:00:00,,,,71.21,71.57,69.78,,,,,,
2015-05-14 00:00:00,,,,70.68,70.91,69.95,,,,,,
2015-05-15 00:00:00,,,,70.86,71.29,70.52,,,,,,
2015-05-18 00:00:00,,,,71.36,71.9,71.36,,,,0,20,7
2015-05-19 00:00:00,,,,71.93,71.97,71.31,,,,,,
2015-05-20 00:00:00,,,,71.68,71.69,71.17,,,,0,20,7
2015-05-21 00:00:00,,,,71.01,71.41,70.74,,,,0,20,7
2015-05-22 00:00:00,,,,71.43,71.5,70.9,,,,,,
2015-05-26 00:00:00,,,,70.88,71.06,69.385,,,,0,20,7
2015-05-27 00:00:00,,,,69.11,69.49,68.45,,,,0,20,7
2015-05-28 00:00:00,,,,69.44,71.779,69.37,,,,0,20,7
2015-05-29 00:00:00,,,,71.07,71.07,70.27,,,,0,20,7
2015-06-01 00:00:00,,,,70.65,70.69,69.98,,,,0,20,7
2015-06-02 00:00:00,,,,70.4,70.97,70.05,,,,,,
2015-06-03 00:00:00,,,,70.64,71.28,70.29,,,,,,
2015-06-04 00:00:00,,,,70.77,71.2,70.44,,,,,,
2015-06-05 00:00:00,,,,70.13,70.55,69.79,,,,,,
2015-06-08 00:00:00,,,,70.01,70.14,69.54,,,,0,20,7
2015-06-09 00:00:00,,,,69.71,70,69,,,,,,
2015-06-10 00:00:00,,,,69.82,70.55,69.63,,,,0,20,7
2015-06-11 00:00:00,,,,70.05,70.28,69.54,,,,0,20,7
2015-06-12 00:00:00,,,,69.3,69.53,68.98,,,,0,20,7
2015-06-15 00:00:00,,,,68.7,69.01,68.53,,,,0,19,7
2015-06-16 00:00:00,,,,68.95,69.5,68.75,,,,,,
2015-06-17 00:00:00,,,,69.5,69.67,68.81,,,,,,
2015-06-18 00:00:00,,,,69.57,70.56,69.57,,,,,,
2015-06-19 00:00:00,,,,70.15,70.5,70.08,,,,0,19,7
2015-06-22 00:00:00,,,,70.54,70.54,69.95,,,,0,19,7
2015-06-23 00:00:00,,,,70.59,71.73,70.55,,,,0,19,7
2015-06-24 00:00:00,,,,71.12,71.27,70.24,,,,0,19,7
2015-06-25 00:00:00,,,,70.5,70.66,70.18,,,,0,19,7
2015-06-26 00:00:00,,,,70.75,71.31,70.74,,,,,,
2015-06-29 00:00:00,,,,70.26,70.35,68.79,,,,0,19,7
2015-06-30 00:00:00,,,,69.58,70.35,69.44,,,,0,18,7
2015-07-01 00:00:00,,,,70.08,71.69,70.08,,,,0,18,7
2015-07-02 00:00:00,,,,71.79,72.28,71.49,,,,,,
2015-07-06 00:00:00,,,,71.47,71.85,70.57,,,,0,18,7
2015-07-07 00:00:00,,,,71.09,71.71,70.23,,,,0,18,7
2015-07-08 00:00:00,,,,71.09,71.29,69.86,,,,0,18,7
2015-07-09 00:00:00,,,,70.66,70.98,69.87,,,,0,18,7
2015-07-10 00:00:00,,,,70.79,71.5,70.32,,,,,,
2015-07-13 00:00:00,,,,71.84,73.05,71.81,,,,0,18,7
2015-07-14 00:00:00,,,,72.98,73.03,72.45,,,,0,18,7
2015-07-15 00:00:00,,,,72.69,73.24,72.32,,,,0,18,7
2015-07-16 00:00:00,,,,73.14,73.14,72.28,,,,0,18,7
2015-07-17 00:00:00,,,,72.7,72.75,72.02,,,,,,
2015-07-20 00:00:00,,,,72.56,73.02,72.48,,,,0,18,7
2015-07-21 00:00:00,,,,73.03,74.16,72.72,,,,,,
2015-07-22 00:00:00,,,,74.02,74.36,73.8,,,,0,18,7
2015-07-23 00:00:00,,,,74.9,75.57,74.45,,,,0,19,6
2015-07-24 00:00:00,,,,75.86,75.9,73.43,,,,0,19,6
2015-07-27 00:00:00,,,,75.04,75.18,73.19,,,,0,20,5
2015-07-28 00:00:00,,,,74.28,75.73,73.55,,,,0,20,5
2015-07-29 00:00:00,,,,75.6,76.14,74.96,,,,0,20,5
2015-07-30 00:00:00,,,,75.91,76.73,75.71,,,,0,20,5
2015-07-31 00:00:00,,,,76.75,77.39,76.25,,,,,,
2015-08-03 00:00:00,,,,76.7,76.7,74.7,,,,0,20,6
2015-08-04 00:00:00,,,,76.26,76.76,75.89,,,,0,21,6
2015-08-05 00:00:00,,,,77.04,77.36,76.47,,,,,,
2015-08-06 00:00:00,,,,76.84,76.84,75.47,,,,,,
2015-08-07 00:00:00,,,,75.87,75.99,75.18,,,,0,21,6
2015-08-10 00:00:00,,,,76.6,76.94,76.01,,,,0,21,6
2015-08-11 00:00:00,,,,75.66,76.73,75.66,,,,0,21,6
2015-08-12 00:00:00,,,,75.32,75.37,74.19,,,,0,21,6
2015-08-13 00:00:00,,,,75.23,76.13,75.21,,,,0,21,6
2015-08-14 00:00:00,,,,75.3,75.99,75.15,,,,,,
2015-08-17 00:00:00,,,,75.46,76.24,75.13,,,,0,21,6
2015-08-18 00:00:00,,,,76.37,76.64,75.95,,,,,,
2015-08-19 00:00:00,,,,75.65,76.31,75.21,,,,0,21,6
2015-08-20 00:00:00,,,,74.69,74.99,74.15,,,,0,21,6
2015-08-21 00:00:00,,,,73.3,73.65,71.99,,,,0,21,6
2015-08-24 00:00:00,,,,69.3,71.71,68.71,,,,,,
2015-08-25 00:00:00,,,,70.48,71.67,69.03,,,,0,21,6
2015-08-26 00:00:00,,,,70.57,72.03,69.69,,,,,,
2015-08-27 00:00:00,,,,72.47,73.44,71.93,,,,0,21,6
2015-08-28 00:00:00,,,,73.16,73.52,72.53,,,,0,21,6
2015-08-31 00:00:00,,,,73,73.38,72.23,,,,0,21,6
2015-09-01 00:00:00,,,,71.13,72.08,70.33,,,,,,
2015-09-02 00:00:00,,,,71.51,71.63,70.555,,,,,,
2015-09-03 00:00:00,,,,71.81,72.47,71.38,,,,,,
2015-09-04 00:00:00,,,,70.73,71.32,70.18,,,,0,21,6
2015-09-08 00:00:00,,,,71.69,72.18,71.34,,,,,,
2015-09-09 00:00:00,,,,72.74,73,70.61,,,,0,21,6
2015-09-10 00:00:00,,,,70.46,71.27,70.28,,,,0,21,6
2015-09-11 00:00:00,,,,70.39,71.02,70.05,,,,0,21,6
2015-09-14 00:00:00,,,,70.91,71.02,70.11,,,,0,21,6
2015-09-15 00:00:00,,,,70.79,71.15,70.2,,,,,,
2015-09-16 00:00:00,,,,71.01,72.06,70.83,,,,,,
2015-09-17 00:00:00,,,,72,73.05,71.64,,,,,,
2015-09-18 00:00:00,,,,71.14,71.69,70.5,,,,0,21,6
2015-09-21 00:00:00,,,,71.15,71.97,70.83,,,,,,
2015-09-22 00:00:00,,,,70.62,71.135,70.25,,,,,,
2015-09-23 00:00:00,,,,71.18,71.38,70.1,,,,,,
2015-09-24 00:00:00,,,,70.01,70.37,69.37,,,,0,21,6
2015-09-25 00:00:00,,,,70.72,70.97,69.62,,,,0,21,6
2015-09-28 00:00:00,,,,69.87,69.87,67.78,,,,0,21,6
2015-09-29 00:00:00,,,,68.04,68.49,66.9,,,,0,21,6
2015-09-30 00:00:00,,,,68.28,68.55,67.69,,,,,,
2015-10-01 00:00:00,,,,68.38,68.79,67.95,,,,,,
2015-10-02 00:00:00,,,,68.03,70.22,67.76,,,,0,21,6
2015-10-05 00:00:00,,,,70.88,71.79,70.46,,,,0,21,6
2015-10-06 00:00:00,,,,71.39,71.57,69.45,,,,0,21,6
2015-10-07 00:00:00,,,,69.98,70.19,69,,,,,,
2015-10-08 00:00:00,,,,69.72,71.4,69.68,,,,0,21,6
2015-10-09 00:00:00,,,,71.22,71.62,71.05,,,,0,21,6
2015-10-12 00:00:00,,,,71.48,71.86,71.1,,,,0,21,6
2015-10-13 00:00:00,,,,71.09,71.5,70.275,,,,0,22,5
2015-10-14 00:00:00,,,,70.75,71.24,69.72,,,,0,22,5
2015-10-15 00:00:00,,,,70.75,71.64,70.17,,,,0,23,5
2015-10-16 00:00:00,,,,72.15,72.97,71.63,,,,0,23,5
2015-10-19 00:00:00,,,,72.88,72.88,71.815,,,,0,23,5
2015-10-20 00:00:00,,,,72.23,73.52,72.05,,,,0,23,5
2015-10-21 00:00:00,,,,73.6,73.81,72.58,,,,0,23,5
2015-10-22 00:00:00,,,,72.96,73.33,72.28,,,,0,23,5
2015-10-23 00:00:00,,,,68.41,69.05,61.56,,,,0,23,5
2015-10-26 00:00:00,,,,64.39,67.64,63,,,,0,24,4
2015-10-27 00:00:00,,,,65.44,66.33,65.01,,,,0,24,4
2015-10-28 00:00:00,,,,66.25,67.88,65.85,,,,,,
2015-10-29 00:00:00,,,,67.67,68.18,67.29,,,,0,24,4
2015-10-30 00:00:00,,,,68,68.43,67.35,,,,0,24,4
2015-11-02 00:00:00,,,,67.65,67.92,66.43,,,,0,24,4
2015-11-03 00:00:00,,,,67.77,68.81,67.65,,,,,,
2015-11-04 00:00:00,,,,68.55,68.55,67.52,,,,,,
2015-11-05 00:00:00,,,,68.3,70.31,67.69,,,,0,24,4
2015-11-06 00:00:00,,,,69.11,69.48,68.25,,,,,,
2015-11-09 00:00:00,,,,68.79,68.9,67.06,,,,0,24,4
2015-11-10 00:00:00,,,,67.22,67.93,66.76,,,,0,24,4
2015-11-11 00:00:00,,,,67.39,67.4,65.64,,,,0,24,4
2015-11-12 00:00:00,,,,64.05,64.79,63.17,,,,1,24,3
2015-11-13 00:00:00,,,,63.41,64.07,62.02,,,,1,24,3
2015-11-16 00:00:00,,,,62.05,62.81,61.4,,,,1,24,3
2015-11-17 00:00:00,,,,61.88,62.68,61.17,,,,1,24,3
2015-11-18 00:00:00,,,,62.02,63.34,61.84,,,,1,24,3
2015-11-19 00:00:00,,,,63.44,64.2,63.15,,,,,,
2015-11-20 00:00:00,,,,64.27,65.14,64.06,,,,1,24,3
2015-11-23 00:00:00,,,,64.76,65.84,64.59,,,,1,24,3
2015-11-24 00:00:00,,,,65.13,66.86,65.1,,,,1,24,3
2015-11-25 00:00:00,,,,66.33,66.77,65.92,,,,1,24,3
2015-11-27 00:00:00,,,,66.41,66.67,64.71,,,,,,
2015-11-30 00:00:00,,,,64.61,64.94,63.81,,,,1,24,3
2015-12-01 00:00:00,,,,64.78,65.65,64.46,,,,,,
2015-12-02 00:00:00,,,,65.51,66.29,65.18,,,,1,24,3
2015-12-03 00:00:00,,,,64.61,65.2,63.45,,,,,,
2015-12-04 00:00:00,,,,63.88,64.53,63.4,,,,1,24,3
2015-12-07 00:00:00,,,,63.97,64.635,63.54,,,,1,24,3
2015-12-08 00:00:00,,,,63.87,64.81,63.53,,,,1,24,3
2015-12-09 00:00:00,,,,63.8,64.35,62.07,,,,1,24,3
2015-12-10 00:00:00,,,,62.6,63.57,62.5,,,,1,24,3
2015-12-11 00:00:00,,,,61.97,62.11,61.4,,,,1,24,3
2015-12-14 00:00:00,,,,61.83,62.67,61.79,,,,1,24,3
2015-12-15 00:00:00,,,,63.14,63.15,62.26,,,,1,24,3
2015-12-16 00:00:00,,,,62.91,63.63,62.59,,,,1,24,3
2015-12-17 00:00:00,,,,63.57,63.57,62.25,,,,1,24,3
2015-12-18 00:00:00,,,,62.25,62.72,61.99,,,,1,24,3
2015-12-21 00:00:00,,,,62.28,62.6,61.94,,,,,,
2015-12-22 00:00:00,,,,62.72,62.72,61.7,,,,1,24,3
2015-12-23 00:00:00,,,,61.91,62.5,61.76,,,,,,
2015-12-24 00:00:00,,,,62.37,62.45,62.04,,,,1,24,3
2015-12-28 00:00:00,,,,62.03,62.33,61.78,,,,1,24,3
2015-12-29 00:00:00,,,,62.63,63.16,62.46,,,,,,
2015-12-30 00:00:00,,,,63.02,63.12,62.59,,,,1,24,3
2015-12-31 00:00:00,,,,62.57,62.78,62.23,,,,,,
2016-01-04 00:00:00,,,,60.55,61.13,60.28,60.87,,4572,1,23,4
2016-01-05 00:00:00,,,,61.05,61.46,60.67,61.22,,3362,1,23,4
2016-01-06 00:00:00,,,,60.31,61.12,59.86,60.19,,3213,1,23,4
2016-01-07 00:00:00,,,,59.36,61.195,59.17,59.45,,5272,,,
2016-01-08 00:00:00,,,,59.74,60.07,58.07,58.22,,4507,1,23,4
2016-01-11 00:00:00,,,,57.11,57.85,55.84,56.45,,7507,2,23,3
2016-01-12 00:00:00,,,,57.53,58.54,56.99,57.72,,6123,1,23,4
2016-01-13 00:00:00,,,,58.15,58.47,56.5,56.63,,5464,,,
2016-01-14 00:00:00,,,,56.6,56.72,54.71,55.55,,7501,1,23,4
2016-01-15 00:00:00,,,,54.21,55.43,53.88,54.98,,5743,1,23,4
2016-01-19 00:00:00,,,,55.37,55.44,53.34,54,,9202,1,23,4
2016-01-20 00:00:00,,,,53.25,55.04,52.21,55,,7545,,,
2016-01-21 00:00:00,,,,55.43,57.56,55.09,57,,7852,1,23,4
2016-01-22 00:00:00,,,,57.76,58.19,57.05,58.09,,4313,1,23,4
2016-01-25 00:00:00,,,,58,58.31,57.51,57.85,,4520,1,23,4
2016-01-26 00:00:00,,,,58.21,59.22,58.06,58.75,,4082,1,23,4
2016-01-27 00:00:00,,,,58.55,59.67,58.14,58.75,,4246,1,23,4
2016-01-28 00:00:00,,,,59.76,60.15,59.22,60.07,,4147,1,23,4
2016-01-29 00:00:00,,,,60.46,62.75,60.45,62.6,,6189,1,23,4
2016-02-01 00:00:00,,,,61.86,63.57,61.8,63.31,,5147,1,23,4
2016-02-02 00:00:00,,,,64.21,64.53,61.9,62.35,,6145,1,23,4
2016-02-03 00:00:00,,,,63.22,63.39,61.49,63.31,,4555,1,23,4
2016-02-04 00:00:00,,,,61.36,62.12,59.62,61.41,,5550,1,23,4
2016-02-05 00:00:00,,,,60.73,60.73,58.7,59.03,,5591,1,23,4
2016-02-08 00:00:00,,,,58.08,58.08,56.07,57,,5032,1,23,4
2016-02-09 00:00:00,,,,56.19,57.12,56.13,56.66,,5377,1,23,4
2016-02-10 00:00:00,,,,57.08,57.95,56.7,56.96,,5355,1,23,4
2016-02-11 00:00:00,,,,56.1,57.14,56.04,56.81,,4625,1,23,4
2016-02-12 00:00:00,,,,57.55,58.85,57.2,58.79,,3782,1,23,4
2016-02-15 00:00:00,,,,,,,,,,1,22,5
2016-02-16 00:00:00,,,,58.57,60.14,58.1,59.6,,4834,1,22,5
2016-02-17 00:00:00,,,,59.7,61.22,59.63,61.21,,3754,1,22,5
2016-02-18 00:00:00,,,,60.81,61.8,60.59,61.25,,5163,1,22,5
2016-02-19 00:00:00,,,,58.19,59.5,55.1,58.55,,12291,1,22,5
2016-02-22 00:00:00,,,16.28,59,61.91,58.81,61.49,,7019,1,22,5
2016-02-23 00:00:00,,,16.267,61.35,61.94,60.66,61.44,,5824,1,22,5
2016-02-24 00:00:00,,,16.741,60.86,63.5,60.86,63.23,,5294,1,22,5
2016-02-25 00:00:00,,,17.125,63.42,64.74,63.16,64.68,,4733,1,22,5
2016-02-26 00:00:00,,,17.183,64.71,65.5,64.53,64.9,,4326,1,22,5
2016-02-29 00:00:00,,,17.239,64.77,65.83,64.77,65.11,,4212,1,22,5
2016-03-01 00:00:00,,,17.673000000000002,65.48,66.87,65.3,66.75,,4699,,,
2016-03-02 00:00:00,,,17.548000000000002,66.55,67.1,65.68,66.28,,4263,1,22,5
2016-03-03 00:00:00,,,17.562,66.36,66.82,65.9,66.33,,3640,1,22,5
2016-03-04 00:00:00,,,17.315,65.87,66.36,64.89,65.4,,4977,1,22,5
2016-03-07 00:00:00,,,17.44,65.03,66.2,64.91,,,,1,22,5
2016-03-08 00:00:00,,,17.204,65.2,65.71,64.83,,,,1,22,5
2016-03-09 00:00:00,,,17.167,65.47,65.47,64.34,,,,,,
2016-03-10 00:00:00,,,17.276,65.18,65.53,64.22,,,,1,22,5
2016-03-11 00:00:00,,,17.567,65.86,66.7,65.78,,,,,,
2016-03-14 00:00:00,,,17.416,66.02,66.32,65.75,,,,1,22,5
2016-03-15 00:00:00,,,17.397,65.53,65.82,65.45,,,,,,
2016-03-16 00:00:00,,,17.318,65.65,65.8,64.94,,,,,,
2016-03-17 00:00:00,,,17.58,65.19,66.5,64.86,,,,,,
2016-03-18 00:00:00,,,17.607,66.5,66.91,66.24,,,,1,22,5
2016-03-21 00:00:00,,,17.593,66.49,66.86,66.3,,,,1,21,5
2016-03-22 00:00:00,,,17.283,65.84,66.13,64.81,,,,1,21,5
2016-03-23 00:00:00,,,17.042,65,65.03,64.39,,,,,,
2016-03-24 00:00:00,,,16.95,64.43,64.44,63.76,,,,1,21,5
2016-03-25 00:00:00,,,16.95,,,,,,,,,
2016-03-28 00:00:00,,,17.068,64.19,64.61,63.97,,,,1,21,5
2016-03-29 00:00:00,,,17.214,64.48,65.02,64.29,,,,,,
2016-03-30 00:00:00,,,17.296,65.28,65.53,64.88,,,,,,
2016-03-31 00:00:00,,,17.169,65.29,65.76,64.58,,,,,,
2016-04-01 00:00:00,,,17.296,64.6,65.39,64.2,,,,,,
2016-04-04 00:00:00,,,16.988,65.31,65.37,63.97,,,,1,21,5
2016-04-05 00:00:00,,,16.808,64.14,64.18,63.18,,,,1,21,5
2016-04-06 00:00:00,,,17.01,63.44,64.23,63,,,,,,
2016-04-07 00:00:00,,,16.97,63.62,64.07,63.56,,,,,,
2016-04-08 00:00:00,,,16.601,64.33,64.33,62.28,,,,1,21,5
2016-04-11 00:00:00,,,16.418,62.74,63.03,61.92,,,,1,21,5
2016-04-12 00:00:00,,,16.588,61.96,62.72,61.3,,,,1,21,5
2016-04-13 00:00:00,,,16.917,62.96,63.83,62.81,,,,,,
2016-04-14 00:00:00,,,16.88,63.99,64.14,63.42,,,,,,
2016-04-15 00:00:00,,,16.991,63.69,64.18,63.41,,,,1,21,5
2016-04-18 00:00:00,,,17.099,64.04,64.6,63.82,,,,1,21,5
2016-04-19 00:00:00,,,17.06,64.83,65.06,64.04,,,,1,21,5
2016-04-20 00:00:00,,,17.121,64.51,65.32,64.37,,,,1,21,5
2016-04-21 00:00:00,,,16.943,65.43,65.5,63.82,,,,,,
2016-04-22 00:00:00,,,16.972,64.26,64.7,63.67,,,,1,21,5
2016-04-25 00:00:00,,,16.789,63.21,63.59,62.76,,,,1,20,6
2016-04-26 00:00:00,,,16.972,63.25,64.25,63.25,,,,1,20,6
2016-04-27 00:00:00,,,16.94,64.14,64.14,63.56,,,,1,20,6
2016-04-28 00:00:00,,,16.599,63.77,63.85,62.49,,,,1,20,6
2016-04-29 00:00:00,,,16.755,63.53,63.53,61.56,,,,1,20,6
2016-05-02 00:00:00,,,17.314,62,64.68,62,,,,1,20,6
2016-05-03 00:00:00,,,17.384,64.73,66.25,64.58,,,,1,20,6
2016-05-04 00:00:00,,,17.25,64.67,64.83,63.83,,,,1,20,6
2016-05-05 00:00:00,,,17.097,64.15,64.225,63.61,,,,,,
2016-05-06 00:00:00,,,17.121,63.78,63.99,63.2,,,,1,20,6
2016-05-09 00:00:00,,,17.298,63.82,64.74,63.71,,,,1,20,6
2016-05-10 00:00:00,,,17.392,64.69,65.51,64.68,,,,,,
2016-05-11 00:00:00,,,16.248,63.74,63.8,60.67,,,,1,20,6
2016-05-12 00:00:00,,,16.294,61.1,61.19,60.01,,,,1,20,6
2016-05-13 00:00:00,,,16.05,60.63,60.95,59.49,,,,1,20,6
2016-05-16 00:00:00,,,16.259,60.18,60.99,59.78,,,,1,20,6
2016-05-17 00:00:00,,,16.178,60.64,61.1,60.13,,,,,,
2016-05-18 00:00:00,,,16.114,60.1,60.51,59.58,,,,,,
2016-05-19 00:00:00,,,16.144,60.31,61.02,59.65,,,,,,
2016-05-20 00:00:00,,,16.454,60.41,61.52,60.29,,,,1,20,6
2016-05-23 00:00:00,,,16.43,61.61,61.99,61.26,,,,1,20,6
2016-05-24 00:00:00,,,16.626,61.59,62.22,61.46,,,,,,
2016-05-25 00:00:00,,,16.644,61.8,62.42,61.48,,,,,,
2016-05-26 00:00:00,,,16.623,62.35,62.42,61.94,,,,1,20,6
2016-05-27 00:00:00,,,16.711,62.2,62.61,61.97,,,,1,20,6
2016-05-30 00:00:00,,,16.711,,,,,,,1,20,6
2016-05-31 00:00:00,,,16.69,62.4,62.49,61.81,,,,1,20,6
2016-06-01 00:00:00,,,16.655,61.99,62.43,61.84,,,,1,20,6
2016-06-02 00:00:00,,,16.802,62.12,62.88,62,,,,1,20,6
2016-06-03 00:00:00,,,16.69,62.74,62.74,62.12,,,,,,
2016-06-06 00:00:00,,,16.676,62.32,62.43,61.86,,,,1,20,6
2016-06-07 00:00:00,,,16.832,61.85,63.02,61.79,,,,1,20,6
2016-06-08 00:00:00,,,16.912,62.72,63.35,62.46,,,,,,
2016-06-09 00:00:00,,,16.915,62.88,63.21,62.65,,,,,,
2016-06-10 00:00:00,,,16.778,62.5,62.84,62.26,,,,,,
2016-06-13 00:00:00,,,16.751,62.47,63.07,62.19,,,,1,20,6
2016-06-14 00:00:00,,,16.564,62.26,62.78,61.51,,,,,,
2016-06-15 00:00:00,,,16.701,62.14,62.96,61.96,,,,1,20,6
2016-06-16 00:00:00,,,16.685,61.92,62.37,61.69,,,,1,20,6
2016-06-17 00:00:00,,,17.003,62.2,63.64,62,,,,,,
2016-06-20 00:00:00,,,17.279,64.2,65.1,64.13,,,,1,20,6
2016-06-21 00:00:00,,,17.357,64.79,65.1,64.39,,,,,,
2016-06-22 00:00:00,,,17.271,64.74,65.09,64.44,,,,1,19,6
2016-06-23 00:00:00,,,17.416,65.13,65.24,64.65,,,,,,
2016-06-24 00:00:00,,,16.419,62.71,63.25,61.22,,,,1,19,6
2016-06-27 00:00:00,,,15.611,60.5,60.52,57.78,,,,1,19,6
2016-06-28 00:00:00,,,15.825,58.79,59.14,58.11,,,,1,19,6
2016-06-29 00:00:00,,,16.237,59.93,60.73,59.41,,,,,,
2016-06-30 00:00:00,,,16.468,60.88,61.49,60.24,,,,1,19,5
2016-07-01 00:00:00,,,16.685,61.71,62.58,61.61,,,,1,19,5
2016-07-04 00:00:00,,,16.685,,,,,,,,,
2016-07-05 00:00:00,,,16.272,61.98,61.99,60.4,,,,1,19,5
2016-07-06 00:00:00,,,16.658,62.62,62.62,60.57,,,,,,
2016-07-07 00:00:00,,,16.802,62.24,62.92,62.15,,,,1,19,5
2016-07-08 00:00:00,,,17.153,63.45,64.392,63.45,,,,1,19,5
2016-07-11 00:00:00,,,17.169,64.06,64.69,63.93,,,,1,19,5
2016-07-12 00:00:00,,,17.306,64.16,64.77,64.16,,,,1,19,5
2016-07-13 00:00:00,,,17.333,64.94,64.94,64.2,,,,1,19,5
2016-07-14 00:00:00,,,17.333,65,65.25,64.6,,,,,,
2016-07-15 00:00:00,,,17.148,64.7,64.76,63.83,,,,1,18,6
2016-07-18 00:00:00,,,17.161,63.99,64.56,63.79,,,,1,18,6
2016-07-19 00:00:00,,,17.105,63.6,63.88,63.35,,,,1,18,6
2016-07-20 00:00:00,,,17.194,63.96,64.46,63.9,,,,1,18,6
2016-07-21 00:00:00,,,16.913,64.32,64.6,62.885,,,,1,17,6
2016-07-22 00:00:00,,,16.78,63.33,63.9,61.19,,,,1,17,6
2016-07-25 00:00:00,,,17.11,62.21,62.67,61.88,,,,1,17,6
2016-07-26 00:00:00,,,16.97,62.36,62.85,61.84,,,,1,17,6
2016-07-27 00:00:00,,,16.891,62.16,62.16,61.22,,,,1,17,6
2016-07-28 00:00:00,,,16.866,61.54,61.73,61.12,,,,1,17,5
2016-07-29 00:00:00,,,17.085,61.5,62.53,61.24,,,,1,17,5
2016-08-01 00:00:00,,,17.069,62.07,62.6,61.45,,,,,,
2016-08-02 00:00:00,,,16.42,62.14,62.14,59.91,,,,1,17,5
2016-08-03 00:00:00,,,16.601,59.1,60.74,58.75,,,,,,
2016-08-04 00:00:00,,,16.661,60.74,61.32,60.66,,,,,,
2016-08-05 00:00:00,,,17.016,61.57,62.28,61.47,,,,1,17,5
2016-08-08 00:00:00,,,17.087,62.38,62.93,62.09,,,,1,17,5
2016-08-09 00:00:00,,,16.783,62.08,62.3,61.17,,,,1,17,5
2016-08-10 00:00:00,,,16.896,61.97,62.68,61.62,,,,,,
2016-08-11 00:00:00,,,17.501,62.76,63.99,62.58,,,,1,17,5
2016-08-12 00:00:00,,,17.482,63.6,64.07,63.5,,,,1,17,5
2016-08-15 00:00:00,,,17.514,63.92,64.46,63.87,,,,1,17,5
2016-08-16 00:00:00,,,17.498,63.97,64.38,63.74,,,,1,17,5
2016-08-17 00:00:00,,,17.457,63.76,63.94,63.53,,,,1,17,5
2016-08-18 00:00:00,,,17.572,63.74,64.2,63.63,,,,1,17,5
2016-08-19 00:00:00,,,17.75,63.98,64.96,63.97,,,,1,17,5
2016-08-22 00:00:00,,,17.649,64.75,65.1,64.4,,,,1,17,5
2016-08-23 00:00:00,,,17.826,64.6,65.2,64.36,,,,,,
2016-08-24 00:00:00,,,17.673000000000002,65.02,65.14,64.43,64.56,,,,,
2016-08-25 00:00:00,,,17.58,64.21,64.89,63.93,64.22,,,1,17,5
2016-08-26 00:00:00,,,17.517,64.22,64.89,63.71,63.99,,,1,17,5
2016-08-29 00:00:00,,,17.531,63.91,64.58,63.85,64.04,,,,,
2016-08-30 00:00:00,,,17.115,63.5,63.5,62.26,62.52,,,1,17,5
2016-08-31 00:00:00,,,16.986,62.31,62.53,61.35,62.05,,,,,
2016-09-01 00:00:00,,,16.852,61.19,61.57,60.87,61.56,,,,,
2016-09-02 00:00:00,,,16.433,61.06,61.08,59.6,60.03,,,1,16,6
2016-09-05 00:00:00,,,16.433,,,,,,,,,
2016-09-06 00:00:00,,,16.365,59.47,60.17,59.16,59.78,,,1,15,7
2016-09-07 00:00:00,,,16.595,59.5,60.62,59.29,60.62,,,,,
2016-09-08 00:00:00,,,16.381,60.38,60.61,59.63,59.84,,,1,15,7
2016-09-09 00:00:00,,,15.995,59.57,59.68,58.43,58.43,,,1,15,7
2016-09-12 00:00:00,,,16.326,58.34,59.77,58.3,59.64,,,1,15,8
2016-09-13 00:00:00,,,16.009,59.35,59.37,58.27,58.48,,,1,15,8
2016-09-14 00:00:00,,,15.888,58.64,58.69,57.75,58.04,,,1,15,8
2016-09-15 00:00:00,,,15.418,55.29,56.64,55.21,56.2,,,2,14,9
2016-09-16 00:00:00,,,15.407,55.68,56.25,55.36,56.16,,,2,14,9
2016-09-19 00:00:00,,,15.523,56.61,56.99,56.22,56.58,,,2,14,9
2016-09-20 00:00:00,,,15.402,56.98,57.02,56.01,56.14,,3400,,,
2016-09-21 00:00:00,,,15.561,56.65,56.81,56.09,56.72,,4348,2,14,9
2016-09-22 00:00:00,,,15.605,56.89,57.26,56.64,56.88,,2476,2,14,9
2016-09-23 00:00:00,,,15.624,56.83,57.1,56.76,56.95,,3101,2,14,9
2016-09-26 00:00:00,,,15.314,56.42,56.58,55.73,55.82,,2881,2,14,9
2016-09-27 00:00:00,,,15.523,55.92,56.61,55.58,56.58,,3400,2,14,9
2016-09-28 00:00:00,,,15.273,56.45,56.54,55.2,55.67,,4697,2,14,9
2016-09-29 00:00:00,,,15.196,55.72,56.17,55.34,55.39,,3739,2,15,9
2016-09-30 00:00:00,,,15.377,56.05,56.37,55.78,56.05,,3850,2,15,9
2016-10-03 00:00:00,,,15.358,55.83,56.2,55.73,55.98,,2192,2,15,9
2016-10-04 00:00:00,,,15.416,55.66,56.47,55.53,56.19,,4452,,,
2016-10-05 00:00:00,,,15.01,55.77,56.06,54.51,54.71,,4673,2,15,9
2016-10-06 00:00:00,,,15.001,54.62,54.93,54.3,54.68,,3566,2,15,9
2016-10-07 00:00:00,,,14.973,54.89,55.07,54.17,54.56,,3669,2,15,9
2016-10-10 00:00:00,,,15.104,54.97,55.36,54.82,55.04,,2061,,,
2016-10-11 00:00:00,,,14.868,55.14,55.14,54.13,54.18,,3117,,,
2016-10-12 00:00:00,,,15.019,54.27,54.9,54.2,54.73,,2540,2,15,9
2016-10-13 00:00:00,,,15.005,54.38,54.93,53.77,54.65,,3496,2,15,9
2016-10-14 00:00:00,,,14.992,54.93,55.21,54.6,54.6,,2569,2,15,9
2016-10-17 00:00:00,,,14.857,54.57,54.79,54.08,54.14,,2851,2,15,9
2016-10-18 00:00:00,,,14.951,54.75,54.8,54.3,54.48,,2223,2,15,9
2016-10-19 00:00:00,,,15.01,54.63,54.77,54.3,54.62,,3110,2,15,9
2016-10-20 00:00:00,,,14.922,54.43,54.61,54.01,54.3,,3601,2,15,9
2016-10-21 00:00:00,,,15.069,53.97,54.93,53.58,54.67,,4954,2,15,9
2016-10-24 00:00:00,,,14.924,55,55.7,52.79,53.07,,9317,2,13,11
2016-10-25 00:00:00,,,15.159,51.98,53.24,51.76,53.07,,6011,2,12,12
2016-10-26 00:00:00,,,15.456,53,54.53,52.94,54.11,,4115,2,12,12
2016-10-27 00:00:00,,,15.536,54.14,54.55,54.04,54.39,,3705,2,12,12
2016-10-28 00:00:00,,,15.516,54.65,54.9,53.82,54.32,,4617,2,12,12
2016-10-31 00:00:00,,,15.484,54.29,54.35,53.8,54.21,,2116,2,12,12
2016-11-01 00:00:00,,,15.43,54.31,54.68,53.41,54.02,,3192,2,12,12
2016-11-02 00:00:00,,,15.401,53.65,54.6,53.65,53.92,,3359,2,12,12
2016-11-03 00:00:00,,,15.264,54.1,54.18,53.28,53.44,,2900,,,
2016-11-04 00:00:00,,,15.293,53.41,54.17,53.41,53.54,,2883,2,12,12
2016-11-07 00:00:00,,,15.681000000000001,54.26,54.97,54.25,54.9,,3102,,,
2016-11-08 00:00:00,,,15.584,54.83,54.97,54.05,54.56,,3984,,,
2016-11-09 00:00:00,,,15.761,53.33,55.32,52.7,55.18,,5165,,,
2016-11-10 00:00:00,,,16.09,55.52,56.85,55.42,56.33,,5518,2,12,12
2016-11-11 00:00:00,,,16.295,55.94,57.17,55.82,57.05,,4899,2,12,12
2016-11-14 00:00:00,,,16.381,57.37,58.29,57.22,57.35,,4786,2,12,12
2016-11-15 00:00:00,,,16.181,57.35,57.65,56.01,56.65,,4461,,,
2016-11-16 00:00:00,,,16.033,56.34,56.55,55.93,56.13,,4340,,,
2016-11-17 00:00:00,,,16.235,56.33,56.84,55.85,56.84,,3244,,,
2016-11-18 00:00:00,,,15.573,56.61,56.77,54.44,54.52,,5139,2,12,12
2016-11-21 00:00:00,,,15.795,54.57,55.32,54.57,55.3,,3346,2,12,12
2016-11-22 00:00:00,,,16.581,55.56,58.2,55.38,58.05,,6042,,,
2016-11-23 00:00:00,,,16.327,57.99,58.35,56.77,57.16,,4513,2,12,12
2016-11-24 00:00:00,,,16.327,,,,,,,,,
2016-11-25 00:00:00,,,16.355,57.23,57.61,56.96,57.26,,1653,,,
2016-11-28 00:00:00,,,16.25,57.08,57.22,56.21,56.89,,3753,2,12,12
2016-11-29 00:00:00,,,15.89,57.01,57.01,55.49,55.63,,3947,,,
2016-11-30 00:00:00,,,15.57,55.59,55.68,54.42,54.51,,3980,2,12,12
2016-12-01 00:00:00,,,15.93,54.88,56,54.76,55.77,,4113,2,12,12
2016-12-02 00:00:00,,,15.935,55.62,56.38,55.15,55.79,,4369,2,12,12
2016-12-05 00:00:00,,,16.332,55.95,57.37,55.94,57.18,,4113,,,
2016-12-06 00:00:00,,,16.181,56.82,57.01,56.15,56.65,,3544,,,
2016-12-07 00:00:00,,,16.392,56.41,57.52,56.31,57.39,,2332,2,12,12
2016-12-08 00:00:00,,,16.304,57.83,57.83,56.78,57.08,,3532,,,
2016-12-09 00:00:00,,,16.153,57.02,57.19,56.48,56.55,,2722,2,12,12
2016-12-12 00:00:00,,,15.953,56.63,56.78,55.3,55.85,,2967,2,12,12
2016-12-13 00:00:00,,,16.09,56,57.15,55.97,56.33,,3254,2,12,12
2016-12-14 00:00:00,,,15.684,56.43,56.55,54.76,54.91,,4011,,,
2016-12-15 00:00:00,,,15.436,54.91,55.07,53.1,54.04,,4770,,,
2016-12-16 00:00:00,,,15.361,54.11,54.51,53.485,53.78,,3897,2,12,12
2016-12-19 00:00:00,,,15.33,53.89,54.41,53.39,53.67,,3267,2,12,12
2016-12-20 00:00:00,,,15.578,53.75,54.68,53.69,54.54,,2982,2,12,12
2016-12-21 00:00:00,,,15.593,54.29,54.68,54,54.59,,3333,2,12,12
2016-12-22 00:00:00,,,15.293,54.55,54.68,53.45,53.54,,3225,2,12,12
2016-12-23 00:00:00,,,15.224,53.52,54.11,53.3,53.3,,3145,2,12,12
2016-12-26 00:00:00,,,15.224,,,,,,,,,
2016-12-27 00:00:00,,,15.361,53.38,53.97,53.38,53.78,,2455,2,12,12
2016-12-28 00:00:00,,,15.37,53.8,54.37,53.49,53.81,,3119,,,
2016-12-29 00:00:00,,,15.318,53.8,54.09,53.46,53.63,,1871,2,12,12
2016-12-30 00:00:00,,,15.239,53.62,53.87,53.23,53.35,,2553,2,12,12
2017-01-02 00:00:00,,,15.239,,,,,,,,,
2017-01-03 00:00:00,,,15.275,53.63,54.23,53.09,53.4,,4135,2,11,13
2017-01-04 00:00:00,,,15.366,53.78,54.06,53.34,53.72,,3619,2,11,13
2017-01-05 00:00:00,,,15.229,53.22,53.25,52.35,53.24,,3478,2,11,13
2017-01-06 00:00:00,,,15.242,53.1,53.33,52.72,53.18,,2772,2,11,13
2017-01-09 00:00:00,,,15.171,53.2,53.32,52.81,52.93,,1945,,,
2017-01-10 00:00:00,,,15.259,53.1,53.84,53.09,53.24,,2917,,,
2017-01-11 00:00:00,,,15.053,53.24,53.24,52.07,52.52,,4062,2,11,13
2017-01-12 00:00:00,,,14.881,51.57,52.08,51.34,51.83,,3676,2,10,14
2017-01-13 00:00:00,,,14.737,52,52.23,51.09,51.33,,2634,2,10,14
2017-01-16 00:00:00,,,14.746,,,,,,,2,10,14
2017-01-17 00:00:00,,,14.978,51.81,52.71,51.81,52.14,,4115,2,10,14
2017-01-18 00:00:00,,,14.622,52.35,52.38,50.49,50.9,,5163,2,10,14
2017-01-19 00:00:00,,,14.792,51.31,51.98,51.13,51.49,,5335,,,
2017-01-20 00:00:00,,,14.895,51.65,52.08,51.56,51.85,,3606,2,10,14
2017-01-23 00:00:00,,,14.967,51.64,52.32,51.34,52.1,,3413,2,10,14
2017-01-24 00:00:00,,,15.134,52.04,52.93,52.02,52.68,,3542,2,10,14
2017-01-25 00:00:00,,,15.161,52.93,53.18,52.57,52.61,,3523,2,10,14
2017-01-26 00:00:00,,,14.988,52.7,52.83,51.82,52.01,,3192,2,10,14
2017-01-27 00:00:00,,,14.631,52.15,52.15,50.48,50.77,,4667,2,10,14
2017-01-30 00:00:00,,,14.798,50.66,51.41,50.4,51.35,,3541,2,10,14
2017-01-31 00:00:00,,,14.836,50.25,51.5,49.65,51.48,,5499,2,10,13
2017-02-01 00:00:00,,,14.665,50.75,51.41,50.475,50.61,,5147,2,9,14
2017-02-02 00:00:00,,,14.803,50.11,51.28,49.85,50.7,,3884,2,8,15
2017-02-03 00:00:00,,,14.47,50.25,50.25,49.025,49.56,,6081,2,8,15
2017-02-06 00:00:00,,,14.437,49.48,49.98,49.23,49.36,,3606,2,8,15
2017-02-07 00:00:00,,,14.153,49.42,49.42,48.18,48.32,,5374,2,8,14
2017-02-08 00:00:00,,,14.379,48.45,49.23,48.05,49.09,,4294,,,
2017-02-09 00:00:00,,,14.512,49.14,49.86,49.07,49.47,,3322,2,8,14
2017-02-10 00:00:00,,,14.804,49.93,50.7,49.7,50.32,,4163,2,8,14
2017-02-13 00:00:00,,,14.948,50.55,50.91,50.26,50.39,,3793,2,8,14
2017-02-14 00:00:00,,,15.14,50.11,50.98,49.93,50.87,,4213,2,8,14
2017-02-15 00:00:00,,,15.194,50.52,50.66,50.08,50.52,,5137,2,8,14
2017-02-16 00:00:00,,,15.149,51.01,51.24,50.15,50.37,,5620,,,
2017-02-17 00:00:00,,,16.509,51.3,52.87,50.6,52.68,,8551,2,8,14
2017-02-20 00:00:00,,,16.831,,,,,,,2,8,14
2017-02-21 00:00:00,,,16.823,52.84,53.11,52.28,52.42,,6370,2,8,14
2017-02-22 00:00:00,,,17.225,53.01,53.94,53.01,53.5,,5298,1,8,15
2017-02-23 00:00:00,,,16.919,53.63,53.95,52.49,52.55,,5434,1,8,15
2017-02-24 00:00:00,,,17.083,52.84,53.64,52.34,53.06,,5012,1,8,15
2017-02-27 00:00:00,,,17.086,53.06,53.5,52.97,53.07,,4311,,,
2017-02-28 00:00:00,,,16.887,53.02,53.13,52.14,52.45,,4276,1,8,15
2017-03-01 00:00:00,,,17.009,52.69,53.055,52.18,52.83,,4970,,,
2017-03-02 00:00:00,,,17.173,53.13,53.38,52.72,53.34,,4750,1,8,15
2017-03-03 00:00:00,,,16.932,53.78,53.78,52.49,52.59,,4592,1,8,15
2017-03-06 00:00:00,,,17.067,52.62,53.2,52.55,53.01,,3730,1,8,15
2017-03-07 00:00:00,,,16.941,52.48,52.88,52.3,52.62,,4550,,,
2017-03-08 00:00:00,,,17.003,52.56,53,52.23,52.81,,3493,,,
2017-03-09 00:00:00,,,16.954,52.68,52.965,52.39,52.66,,3375,,,
2017-03-10 00:00:00,,,17.041,52.84,53.11,52.77,52.93,,3368,1,8,15
2017-03-13 00:00:00,,,17.096,53.1,53.35,52.69,53.1,,3315,1,8,15
2017-03-14 00:00:00,,,17.147,53.06,53.62,53.06,53.26,,3843,,,
2017-03-15 00:00:00,,,17.347,53.31,54.04,53.12,53.88,,4094,,,
2017-03-16 00:00:00,,,17.434,53.83,54.36,53.73,54.15,,3951,,,
2017-03-17 00:00:00,,,17.392,54.49,54.52,53.95,53.95,,4512,1,8,15
2017-03-20 00:00:00,,,17.366,54,54.3,53.53,53.87,,4069,1,8,15
2017-03-21 00:00:00,,,17.102,53.84,53.89,52.29,53.05,,5429,1,8,15
2017-03-22 00:00:00,,,17.115,52.62,53.13,52.45,53.09,,3948,1,8,15
2017-03-23 00:00:00,,,17.366,53.62,54.24,53.48,53.87,,4053,1,8,15
2017-03-24 00:00:00,,,17.427,53.92,54.23,53.78,54.06,,4553,,,
2017-03-27 00:00:00,,,17.631,53.53,54.885,53.53,54.69,,4647,1,8,15
2017-03-28 00:00:00,,,17.834,54.68,55.69,54.545,55.32,,5341,1,8,15
2017-03-29 00:00:00,,,18.117,55.49,56.27,55.42,56.2,,3688,1,8,15
2017-03-30 00:00:00,,,17.439,55.74,55.76,53.81,54.13,,5393,1,8,15
2017-03-31 00:00:00,,,17.709,54.22,55.1,54.15,54.97,,4338,1,8,15
2017-04-03 00:00:00,,,17.603,55.16,55.51,54.59,54.64,,3441,1,8,15
2017-04-04 00:00:00,,,17.355,54.39,54.72,53.62,53.94,,4097,1,8,15
2017-04-05 00:00:00,,,17.323,54.08,54.33,53.74,53.84,,4373,1,8,15
2017-04-06 00:00:00,,,17.436,54.02,55.03,53.85,54.19,,2977,,,
2017-04-07 00:00:00,,,17.439,54.13,54.44,53.99,54.2,,2334,1,8,15
2017-04-10 00:00:00,,,17.6,54.4,55.16,54.37,54.7,,2388,1,8,15
2017-04-11 00:00:00,,,17.716,54.68,55.09,54.62,55.06,,3183,,,
2017-04-12 00:00:00,,,17.709,54.84,55.47,54.76,55.04,,2662,1,8,15
2017-04-13 00:00:00,,,17.632,55.11,55.49,54.78,54.8,,3285,,,
2017-04-14 00:00:00,,,17.632,,,,,,,,,
2017-04-17 00:00:00,,,17.721,54.83,55.19,54.83,55.04,,2668,1,8,15
2017-04-18 00:00:00,,,17.759,54.74,55.27,54.73,55.16,,2571,1,8,15
2017-04-19 00:00:00,,,17.875,55.41,55.87,55.24,55.52,,2622,1,8,15
2017-04-20 00:00:00,,,18.171,55.73,56.59,55.73,56.44,,3934,1,8,15
2017-04-21 00:00:00,,,17.981,56.4,56.47,55.625,55.85,,3438,1,8,15
2017-04-24 00:00:00,,,18.004,56.44,56.5,55.87,55.92,,4254,1,8,15
2017-04-25 00:00:00,,,18.065,56.24,56.3,55.58,56.11,,2996,1,8,15
2017-04-26 00:00:00,,,18.3,56.33,57.24,56.21,56.84,,3725,1,8,15
2017-04-27 00:00:00,,,18.625,57.05,58.01,56.87,57.85,,5000,,,
2017-04-28 00:00:00,,,17.923000000000002,55.74,56.41,54.5,54.63,,7640,1,8,14
2017-05-01 00:00:00,,,17.764,54.41,54.73,52.9,52.92,,6308,1,8,14
2017-05-02 00:00:00,,,17.973,53.09,53.75,52.95,53.47,,5092,,,
2017-05-03 00:00:00,,,17.973,53.58,53.67,52.82,53.47,,4062,1,8,14
2017-05-04 00:00:00,,,18.201,53.64,54.25,53.37,54.02,,3858,,,
2017-05-05 00:00:00,,,18.352,54.17,54.65,54.17,54.47,,2973,1,8,14
2017-05-08 00:00:00,,,18.518,54.65,55.2,54.61,54.96,,2566,1,8,14
2017-05-09 00:00:00,,,18.726,55.06,55.785,55.06,55.58,,2892,,,
2017-05-10 00:00:00,,,18.723,55.47,55.71,54.94,55.57,,3173,1,8,14
2017-05-11 00:00:00,,,18.491,55,55.24,54.12,54.88,,4844,,,
2017-05-12 00:00:00,,,18.194,54.5,54.5,53.71,54,,3215,1,8,14
2017-05-15 00:00:00,,,18.123,54.1,54.29,53.69,53.79,,2733,1,8,14
2017-05-16 00:00:00,,,17.652,53.4,53.53,52.38,52.39,,3608,,,
2017-05-17 00:00:00,,,17.392,52.06,52.41,51.225,51.62,,4220,1,8,14
2017-05-18 00:00:00,,,17.439,51.78,52.08,51.39,51.76,,3589,,,
2017-05-19 00:00:00,,,17.655,51.8,52.53,51.26,52.4,,3130,1,8,14
2017-05-22 00:00:00,,,17.807,52.53,53.18,52.35,52.85,,2444,,,
2017-05-23 00:00:00,,,17.854,52.92,53.24,52.78,52.99,,2349,1,8,14
2017-05-24 00:00:00,,,17.807,52.92,52.98,52.47,52.85,,2823,,,
2017-05-25 00:00:00,,,17.921,53.28,53.42,52.87,53.19,,2297,,,
2017-05-26 00:00:00,,,18.096,53.27,53.99,53.22,53.71,,2963,1,8,14
,,,,,,,,,,,,
,,,,,,,,,,,,
,,,,,,,,,,,,
,,,,,,,,,,,,
,,,,,,,,,,,,
,,,,,,,,,,,,
,,,,,,,,,,,,
,,,,,,,,,,,,
,,,,,,,,,,,,
,,,,,,,,,,,,
,,,,,,,,,,,,
,,,,,,,,,,,,
,,,,,,,,,,,,
,,,,,,,,,,,,
,,,,,,,,,,,,
,,,,,,,,,,,,
,,,,,,,,,,,,
,,,,,,,,,,,,
,,,,,,,,,,,,
,,,,,,,,,,,,
,,,,,,,,,,,,
,,,,,,,,,,,,
,,,,,,,,,,,,
,,,,,,,,,,,,
,,,,,,,,,,,,
,,,,,,,,,,,,
,,,,,,,,,,,,
